CREATE DATABASE  IF NOT EXISTS `crime_db2022shahp` /*!40100 DEFAULT CHARACTER SET utf8mb4 COLLATE utf8mb4_0900_ai_ci */ /*!80016 DEFAULT ENCRYPTION='N' */;
USE `crime_db2022shahp`;
-- MySQL dump 10.13  Distrib 8.0.34, for macos13 (arm64)
--
-- Host: localhost    Database: crime_db2022shahp
-- ------------------------------------------------------
-- Server version	8.1.0

/*!40101 SET @OLD_CHARACTER_SET_CLIENT=@@CHARACTER_SET_CLIENT */;
/*!40101 SET @OLD_CHARACTER_SET_RESULTS=@@CHARACTER_SET_RESULTS */;
/*!40101 SET @OLD_COLLATION_CONNECTION=@@COLLATION_CONNECTION */;
/*!50503 SET NAMES utf8 */;
/*!40103 SET @OLD_TIME_ZONE=@@TIME_ZONE */;
/*!40103 SET TIME_ZONE='+00:00' */;
/*!40014 SET @OLD_UNIQUE_CHECKS=@@UNIQUE_CHECKS, UNIQUE_CHECKS=0 */;
/*!40014 SET @OLD_FOREIGN_KEY_CHECKS=@@FOREIGN_KEY_CHECKS, FOREIGN_KEY_CHECKS=0 */;
/*!40101 SET @OLD_SQL_MODE=@@SQL_MODE, SQL_MODE='NO_AUTO_VALUE_ON_ZERO' */;
/*!40111 SET @OLD_SQL_NOTES=@@SQL_NOTES, SQL_NOTES=0 */;

--
-- Table structure for table `district`
--

DROP TABLE IF EXISTS `district`;
/*!40101 SET @saved_cs_client     = @@character_set_client */;
/*!50503 SET character_set_client = utf8mb4 */;
CREATE TABLE `district` (
  `district_code` varchar(10) NOT NULL,
  `district_name` varchar(50) DEFAULT NULL,
  PRIMARY KEY (`district_code`),
  UNIQUE KEY `district_code` (`district_code`,`district_name`)
) ENGINE=InnoDB DEFAULT CHARSET=utf8mb4 COLLATE=utf8mb4_0900_ai_ci;
/*!40101 SET character_set_client = @saved_cs_client */;

--
-- Dumping data for table `district`
--

LOCK TABLES `district` WRITE;
/*!40000 ALTER TABLE `district` DISABLE KEYS */;
INSERT INTO `district` VALUES ('A1','Boston Proper'),('A15','Charlestown'),('A7','East Boston'),('B2','Roxbury'),('B3','Mattapan'),('C11','Dorchester'),('C6','South Boston'),('D14','Allston and Brighton'),('D4','South End'),('E13','Jamaica Plain'),('E18','Hyde Park'),('E5','West Roxbury and Roslindale'),('External','Outside of Boston');
/*!40000 ALTER TABLE `district` ENABLE KEYS */;
UNLOCK TABLES;

--
-- Table structure for table `incidents`
--

DROP TABLE IF EXISTS `incidents`;
/*!40101 SET @saved_cs_client     = @@character_set_client */;
/*!50503 SET character_set_client = utf8mb4 */;
CREATE TABLE `incidents` (
  `incident_id` varchar(30) NOT NULL,
  `o_code` int NOT NULL,
  `shooting` tinyint(1) NOT NULL DEFAULT (false),
  `district_code` varchar(10) NOT NULL,
  `reporting_area` varchar(20) DEFAULT NULL,
  `latitude` decimal(10,8) NOT NULL,
  `longitude` decimal(11,8) NOT NULL,
  `street` varchar(100) NOT NULL,
  `occurred_date` datetime DEFAULT NULL,
  PRIMARY KEY (`incident_id`),
  KEY `district_code` (`district_code`),
  KEY `o_code` (`o_code`),
  CONSTRAINT `incidents_ibfk_1` FOREIGN KEY (`district_code`) REFERENCES `district` (`district_code`),
  CONSTRAINT `incidents_ibfk_2` FOREIGN KEY (`o_code`) REFERENCES `offense_code` (`o_code`)
) ENGINE=InnoDB DEFAULT CHARSET=utf8mb4 COLLATE=utf8mb4_0900_ai_ci;
/*!40101 SET character_set_client = @saved_cs_client */;

--
-- Dumping data for table `incidents`
--

LOCK TABLES `incidents` WRITE;
/*!40000 ALTER TABLE `incidents` DISABLE KEYS */;
INSERT INTO `incidents` VALUES ('220594238',614,0,'B3','464',42.28968115,-71.09212545,'HARVARD ST','2022-12-23 20:00:00'),('220597207',1831,0,'E13','646',42.30888817,-71.11553037,'SOUTH ST','2022-12-27 19:41:00'),('220599472',3205,0,'C11','355',42.29755533,-71.05970910,'GIBSON ST','2022-12-29 08:40:00'),('220599725',614,0,'C11','355',42.29755533,-71.05970910,'GIBSON ST','2022-12-29 11:00:00'),('220599909',617,0,'C11','355',42.29755533,-71.05970910,'GIBSON ST','2022-12-29 12:00:00'),('220600022',3115,0,'C11','355',0.00000000,0.00000000,'GIBSON STREET','2022-12-29 13:45:00'),('220600496',1831,0,'E13','572',42.31275380,-71.10129675,'WASHINGTON ST','2022-12-29 20:25:00'),('222099001',3831,0,'C11',' ',42.29919694,-71.06046974,'DORCHESTER AVE','2022-12-23 00:01:00'),('222099003',1831,0,'E13','576',42.31532445,-71.10427615,'AMORY ST','2022-12-23 00:00:00'),('222099004',3115,0,'D4','142',42.34895777,-71.08489203,'NEWBURY ST','2022-12-23 00:00:00'),('222099005',3820,0,'A1','61',42.36481699,-71.06232002,'CAUSEWAY ST & PORTLAND ST\nBOSTON  MA 02114\nUNITED ','2022-12-23 00:00:00'),('222099006',3115,0,'B2',' ',42.32696801,-71.08051941,'GREENVILLE ST','2022-12-23 01:10:00'),('222099008',3831,0,'B3','465',42.28482577,-71.09137369,'BLUE HILL AVE','2022-12-23 01:00:00'),('222099009',617,0,'B2',' ',42.31788176,-71.08911975,'TOWNSEND ST','2022-12-23 02:08:00'),('222099011',3802,0,'A7',' ',42.38044404,-71.02407799,'VIENNA ST & BENNINGTON ST\nEAST BOSTON  MA 02128\nUN','2022-12-23 02:20:00'),('222099012',3501,0,'D14',' ',42.35542032,-71.13484892,'DENBY RD','2022-12-23 02:37:00'),('222099013',801,0,'A1','77',0.00000000,0.00000000,'SUDBURY ST','2022-12-23 03:26:00'),('222099014',724,0,'D4',' ',42.33520569,-71.07110315,'ALBANY ST','2022-12-23 03:37:00'),('222099018',3803,0,'B2',' ',42.31126502,-71.07004003,'COLUMBIA RD & QUINCY ST\nDORCHESTER  MA 02125\nUNITE','2022-12-23 05:00:00'),('222099020',3006,0,'A1','68',42.36116347,-71.06391344,'CAMBRIDGE ST','2022-12-23 05:05:00'),('222099021',540,0,'A7',' ',42.37546983,-71.03730221,'BENNINGTON ST','2022-12-23 06:16:00'),('222099022',1831,0,'E5',' ',42.28862857,-71.12002157,'HARRISON ST','2022-12-23 05:51:00'),('222099023',801,0,'E13',' ',42.31705630,-71.09821674,'COLUMBUS AVE','2022-12-23 06:27:00'),('222099025',3114,0,'A1','107',42.35609320,-71.05734151,'DEVONSHIRE ST','2022-12-23 06:28:00'),('222099026',3803,0,'B2',' ',42.31624498,-71.07816798,'BLUE HILL AVE & WOODCLIFF ST\nROXBURY  MA 02119\nUNI','2022-12-23 06:42:00'),('222099029',801,0,'D4',' ',42.34347698,-71.07822747,'COLUMBUS AVE','2022-12-23 08:01:00'),('222099031',3201,0,'C6','175',0.00000000,0.00000000,'BRADSTON STREET','2022-12-23 00:00:00'),('222099032',2647,0,'C6',' ',42.32553801,-71.06579592,'MASSACHUSETTS AVE','2022-12-23 08:46:00'),('222099033',3115,0,'E18',' ',42.26950369,-71.10228582,'HARMON ST','2022-12-23 08:17:00'),('222099034',1402,0,'A1',' ',42.35647753,-71.06142472,'HAMILTON PL','2022-12-23 08:15:00'),('222099036',1402,0,'D4',' ',42.33428841,-71.07239518,'ALBANY ST','2022-12-23 08:50:00'),('222099039',3801,0,'D14',' ',42.36019392,-71.15054493,'SOLDIERS FIELD RD','2022-12-23 08:59:00'),('222099040',1402,0,'B3','432',0.00000000,0.00000000,'BALLOU AVENUE','2022-12-23 09:15:00'),('222099041',3106,0,'C11','462',42.29977765,-71.07349909,'BOWDOIN AVE','2022-12-23 09:18:00'),('222099042',3115,0,'B2','180',42.32635435,-71.07422322,'EUSTIS ST','2022-12-23 09:00:00'),('222099044',613,0,'C11','362',42.29131613,-71.07170293,'WASHINGTON ST','2022-12-23 09:40:00'),('222099046',1831,0,'D4','166',0.00000000,0.00000000,'SHAWMUT AVENUE','2022-12-23 09:40:00'),('222099050',3115,0,'D14','760',42.35163950,-71.16203434,'TURNER ST','2022-12-23 09:30:00'),('222099051',3301,0,'B2','266',42.32667212,-71.07977739,'MOUNT PLEASANT TER','2022-12-23 10:00:00'),('222099052',3115,0,'D14',' ',42.35009144,-71.16504457,'WASHINGTON ST','2022-12-23 08:33:00'),('222099053',1102,0,'E13','574',0.00000000,0.00000000,'WASHINGTON STREET','2022-12-23 10:25:00'),('222099057',735,0,'B2',' ',42.32227057,-71.08745741,'ROCKLAND ST','2022-12-23 09:53:00'),('222099058',2907,0,'E18',' ',42.27804610,-71.12257569,'CANTERBURY ST','2022-12-23 09:58:00'),('222099059',3802,0,'E18',' ',42.26633004,-71.09746447,'RIVER ST','2022-12-23 10:04:00'),('222099060',617,0,'A1','77',0.00000000,0.00000000,'SUDBURY ST','2022-12-23 10:30:00'),('222099061',3106,0,'E18',' ',42.26107427,-71.12583831,'AUSTIN ST','2022-12-23 09:08:00'),('222099062',617,0,'B3','463',0.00000000,0.00000000,'AMERICAN LEGION HIGHWAY','2022-12-23 10:08:00'),('222099064',1831,0,'A1','102',42.35591935,-71.06000539,'WASHINGTON ST','2022-12-23 10:20:00'),('222099065',3115,0,'B3',' ',42.29825488,-71.08041861,'ROXTON ST','2022-12-23 09:30:00'),('222099066',3115,0,'E18',' ',42.24647351,-71.12098498,'GARFIELD AVE','2022-12-23 09:56:00'),('222099068',3207,0,'E13','574',42.30971857,-71.10429432,'WASHINGTON ST','2022-12-23 10:03:00'),('222099069',735,0,'B3',' ',42.28152196,-71.09008408,'WOOLSON ST','2022-12-23 10:48:00'),('222099071',3410,0,'E5','825',42.27386220,-71.14236256,'WASHINGTON ST','2022-12-23 09:07:00'),('222099072',614,0,'A1','77',0.00000000,0.00000000,'SUDBURY ST','2022-12-23 11:20:00'),('222099074',3301,0,'B2','258',42.31694068,-71.06719268,'VIRGINIA ST','2022-12-23 11:10:00'),('222099075',3115,0,'D14','784',42.34959253,-71.14856689,'CAMBRIDGE ST','2022-12-23 00:00:00'),('222099076',3831,0,'B3','427',42.27653731,-71.09339510,'BLUE HILL AVE','2022-12-23 09:14:00'),('222099077',3301,0,'B2','330',42.30455372,-71.08295366,'SEAVER ST','2022-12-23 11:31:00'),('222099078',1109,0,'B3','465',42.28482577,-71.09137369,'BLUE HILL AVE','2022-12-23 11:30:00'),('222099081',1109,0,'D4',' ',42.33954199,-71.06940877,'HARRISON AVE','2022-12-23 12:07:00'),('222099083',3115,0,'E18',' ',42.27156283,-71.10594428,'CUMMINS HWY','2022-12-23 11:47:00'),('222099088',3115,0,'D4',' ',42.34376458,-71.08866865,'WESTLAND AVE','2022-12-23 11:37:00'),('222099090',3831,0,'D4',' ',42.33954199,-71.06940877,'HARRISON AVE','2022-12-23 00:00:00'),('222099092',3625,0,'E5',' ',42.28755339,-71.14510042,'GLORIA RD','2022-12-23 09:25:00'),('222099095',3115,0,'B2',' ',42.30970016,-71.08582414,'CHENEY ST','2022-12-23 10:55:00'),('222099096',1102,0,'E5',' ',42.28860658,-71.13265052,'SOUTH ST','2022-12-23 12:20:00'),('222099098',3501,0,'E13','303',42.32008772,-71.09841452,'COLUMBUS AVE','2022-12-23 11:50:00'),('222099101',3410,0,'D4',' ',42.34138415,-71.07898883,'CONCORD SQ','2022-12-23 12:31:00'),('222099102',3115,0,'D4',' ',42.35095909,-71.07412780,'BOYLSTON ST','2022-12-23 13:11:00'),('222099104',617,0,'D14','784',42.34644302,-71.14697954,'WASHINGTON ST','2022-12-23 10:43:00'),('222099105',301,0,'C11','350',42.30254239,-71.05956690,'DORCHESTER AVE','2022-12-23 12:55:00'),('222099106',3831,0,'B2',' ',42.30710998,-71.07973004,'GENEVA AVE & BISHOP JOE L SMITH WAY\nDORCHESTER  MA','2022-12-23 12:44:00'),('222099108',3801,0,'B2','329',42.30649283,-71.08180677,'WASHINGTON ST','2022-12-23 01:00:00'),('222099110',2670,0,'E18',' ',42.27969589,-71.11832827,'CUMMINS HWY','2022-12-23 13:48:00'),('222099111',3301,0,'B3','565',42.28553308,-71.09580077,'DEERING RD','2022-12-23 13:34:00'),('222099113',3106,0,'C11','355',42.29755533,-71.05970910,'GIBSON ST','2022-12-23 14:22:00'),('222099115',3114,0,'A15',' ',42.37515337,-71.06409893,'MAIN ST','2022-12-23 13:33:00'),('222099116',3115,0,'E13',' ',42.31771534,-71.09823049,'COLUMBUS AVE','2022-12-23 14:21:00'),('222099117',3007,0,'E18',' ',42.25189440,-71.12535310,'HYDE PARK AVE','2022-12-23 12:01:00'),('222099120',1831,0,'E13',' ',42.31451479,-71.09470820,'WALNUT PARK','2022-12-23 14:14:00'),('222099121',1831,0,'E18',' ',42.23455259,-71.13256874,'PARKSON ST','2022-12-23 14:08:00'),('222099123',3115,0,'B3',' ',42.29603943,-71.07717023,'ATHELWOLD ST','2022-12-23 14:41:00'),('222099124',3115,0,'A7','12',42.38504097,-71.01144733,'BENNINGTON ST','2022-12-23 00:00:00'),('222099125',3115,0,'B2','320',0.00000000,0.00000000,'MAPLE STREET','2022-12-23 03:10:00'),('222099126',3831,0,'E18',' ',42.28314714,-71.11374152,'AMERICAN LEGION HWY','2022-12-23 14:38:00'),('222099127',3006,0,'E5','822',42.25577653,-71.14547503,'MARGARETTA DR','2022-12-23 11:17:00'),('222099130',3115,0,'E5','716',42.26941355,-71.16317298,'GLENELLEN RD','2022-12-23 11:54:00'),('222099132',3207,0,'E13','916',42.32483301,-71.10164757,'BICKFORD ST','2022-12-23 12:55:00'),('222099133',801,0,'A1','123',42.34997256,-71.06348817,'WASHINGTON ST','2022-12-23 15:06:00'),('222099134',3114,0,'D14',' ',42.35042609,-71.16637332,'WASHINGTON ST','2022-12-23 15:12:00'),('222099135',617,0,'D14','778',42.34905600,-71.15049850,'WASHINGTON ST','2022-12-23 15:49:00'),('222099137',1831,0,'B3','469',42.27732507,-71.09483139,'MATTAPAN ST','2022-12-23 15:30:00'),('222099138',1831,0,'C6',' ',42.33178053,-71.04941451,'E EIGHTH ST','2022-12-23 15:32:00'),('222099139',3114,0,'B2','282',42.32866284,-71.08563401,'WASHINGTON ST','2022-12-23 07:30:00'),('222099140',3831,0,'D4',' ',42.33511904,-71.07491710,'HARRISON AVE','2022-12-23 15:45:00'),('222099144',1810,0,'C6',' ',42.33168201,-71.06798699,'TOPEKA ST & SOUTHAMPTON ST\nROXBURY  MA 02118\nUNITE','2022-12-23 16:02:00'),('222099146',3831,0,'E5','691',42.28709355,-71.14822128,'CENTRE ST','2022-12-23 16:04:00'),('222099147',617,0,'B2',' ',42.30889840,-71.08305190,'BLUE HILL AVE','2022-12-23 15:37:00'),('222099151',3114,0,'B2',' ',42.32866284,-71.08563401,'WASHINGTON ST','2022-12-23 07:30:00'),('222099152',1832,0,'B2',' ',42.32902469,-71.08341505,'WARREN ST','2022-12-23 16:35:00'),('222099153',3831,0,'E5','691',42.28709355,-71.14822128,'CENTRE ST','2022-12-23 14:35:00'),('222099155',1831,0,'B2',' ',42.31694068,-71.06719268,'VIRGINIA ST','2022-12-23 13:02:00'),('222099156',2647,0,'C11',' ',42.29711149,-71.05614405,'NEPONSET AVE','2022-12-23 16:29:00'),('222099158',1810,0,'B3','465',0.00000000,0.00000000,'BLUE HILL AVENUE','2022-12-23 16:30:00'),('222099159',3115,0,'D4',' ',42.34615178,-71.07404347,'CHANDLER ST','2022-12-23 16:49:00'),('222099160',3201,0,'A1','65',42.36122324,-71.06593235,'CAMBRIDGE ST','2022-12-23 13:00:00'),('222099161',613,0,'A1','112',42.35512339,-71.06087980,'WASHINGTON ST','2022-12-23 16:21:00'),('222099163',619,0,'B2',' ',42.32075533,-71.09035419,'MARTIN LUTHER KING JR BLVD','2022-12-23 15:53:00'),('222099165',3114,0,'C11','257',42.31379003,-71.06534192,'HANCOCK ST','2022-12-23 16:52:00'),('222099166',3831,0,'D4',' ',42.33954199,-71.06940877,'HARRISON AVE','2022-12-23 06:54:00'),('222099167',613,0,'C6','222',42.33561661,-71.03641894,'E BROADWAY','2022-12-23 15:36:00'),('222099169',3114,0,'E5',' ',42.26165133,-71.15394882,'DE SOTO RD','2022-12-23 16:25:00'),('222099170',3201,0,'E13','645',42.31272517,-71.11237846,'GREEN ST','2022-12-23 00:00:00'),('222099171',3801,0,'C11',' ',42.30530490,-71.05719121,'FREEPORT ST','2022-12-23 13:30:00'),('222099172',1831,0,'D14','789',42.33970952,-71.15175699,'COMMONWEALTH AVE','2022-12-23 16:41:00'),('222099174',613,0,'D4',' ',42.34813158,-71.08027002,'RING RD','2022-12-23 16:55:00'),('222099177',3831,0,'B2',' ',42.32978737,-71.08324801,'WARREN ST','2022-12-23 15:00:00'),('222099179',3006,0,'B2','326',42.31341383,-71.07789593,'FAYSTON ST','2022-12-23 17:10:00'),('222099180',2647,0,'A7','26',42.37499333,-71.03982596,'BORDER ST','2022-12-23 17:41:00'),('222099181',3802,0,'A15',' ',42.39421304,-71.06741300,'ALFORD ST & DEXTER ST\nCHARLESTOWN  MA 02129\nUNITED','2022-12-23 17:50:00'),('222099182',3820,0,'E5',' ',42.28614698,-71.15487902,'CENTRE ST & COREY ST\nWEST ROXBURY  MA 02132\nUNITED','2022-12-23 17:39:00'),('222099183',1831,0,'C11','354',42.29706179,-71.05528404,'SACO ST','2022-12-23 16:58:00'),('222099184',3115,0,'B2',' ',42.30846803,-71.08327695,'BLUE HILL AVE & WASHINGTON ST\nDORCHESTER  MA 02121','2022-12-23 18:02:00'),('222099185',3115,0,'B3',' ',42.29276044,-71.07486603,'WHITFIELD ST','2022-12-23 18:03:00'),('222099186',3114,0,'B3',' ',42.28956988,-71.08510501,'AMES ST','2022-12-23 16:46:00'),('222099188',520,0,'E18',' ',42.26761320,-71.09848676,'ROSEWOOD ST','2022-12-23 17:59:00'),('222099191',3115,0,'D4',' ',42.34243945,-71.08445530,'MASSACHUSETTS AVE','2022-12-23 17:50:00'),('222099194',613,0,'D14','767',42.35934409,-71.15389780,'SOLDIERS FIELD RD','2022-12-23 18:21:00'),('222099196',801,0,'D4',' ',42.34091586,-71.08771531,'HUNTINGTON AVE','2022-12-23 17:56:00'),('222099197',1831,0,'A1',' ',42.35637531,-71.06213513,'TREMONT ST','2022-12-23 18:28:00'),('222099198',2610,0,'A7',' ',42.36856802,-71.04121708,'MONSIGNOR ALBERT A. JACOBBE RD','2022-12-23 18:12:00'),('222099199',1831,0,'C11',' ',42.28355344,-71.05737106,'MINOT ST','2022-12-23 18:30:00'),('222099200',3115,0,'E18','501',42.27942404,-71.11670605,'AMERICAN LEGION HWY & CUMMINS HWY\nROSLINDALE  MA 0','2022-12-23 18:37:00'),('222099202',724,0,'B3','465',42.28482577,-71.09137369,'BLUE HILL AVE','2022-12-23 19:14:00'),('222099203',1102,0,'E13','574',42.30971857,-71.10429432,'WASHINGTON ST','2022-12-23 14:00:00'),('222099204',3106,0,'C6','229',42.33252410,-71.04028449,'BURRILL PL','2022-12-23 19:15:00'),('222099205',3108,0,'E13','578',42.32118290,-71.10682780,'FORBES ST','2022-12-23 18:49:00'),('222099207',3831,0,'C6',' ',42.34182395,-71.05550302,'A ST & W BROADWAY\nSOUTH BOSTON  MA 02127\nUNITED ST','2022-12-23 19:29:00'),('222099208',3402,0,'A7',' ',42.38549647,-71.01681643,'ADDISON ST','2022-12-23 19:19:00'),('222099209',301,0,'E5',' ',42.26204916,-71.15635818,'WASHINGTON ST','2022-12-23 19:43:00'),('222099210',3108,0,'D4',' ',42.34182317,-71.07562989,'TREMONT ST','2022-12-23 19:43:00'),('222099211',3802,0,'E5','721',42.27621405,-71.16651219,'SPRING ST','2022-12-23 20:29:00'),('222099212',3502,0,'B3',' ',42.29632463,-71.07564666,'ATHELWOLD ST','2022-12-23 08:23:00'),('222099213',3801,0,'C11','351',42.29963709,-71.05851176,'ADAMS ST','2022-12-23 20:41:00'),('222099215',3502,0,'B3',' ',42.27655557,-71.08849582,'WOODDALE AVE','2022-12-23 19:57:00'),('222099216',1831,0,'A1','98',42.35862020,-71.05752801,'DEVONSHIRE PL','2022-12-23 20:39:00'),('222099217',3801,0,'B3',' ',42.28240195,-71.09197601,'BLUE HILL AVE & WOOLSON ST\nMATTAPAN  MA 02126\nUNIT','2022-12-23 20:38:00'),('222099218',2907,0,'C11',' ',42.28908472,-71.07122181,'WASHINGTON ST','2022-12-23 21:06:00'),('222099220',1831,0,'B2',' ',42.31688605,-71.09001190,'HAROLD ST','2022-12-23 20:30:00'),('222099221',3006,0,'D14',' ',42.34980866,-71.13513832,'PRICE RD','2022-12-23 21:16:00'),('222099223',3115,0,'B3','444',0.00000000,0.00000000,'ESMOND STREET','2022-12-23 21:27:00'),('222099224',3501,0,'A7','28',42.37081805,-71.03929078,'PARIS ST','2022-12-23 00:00:00'),('222099226',2403,0,'D14','820',0.00000000,0.00000000,'CAMBRIDGE STREET','2022-12-23 21:45:00'),('222099227',3410,0,'B2','238',0.00000000,0.00000000,'BELDEN STREET','2022-12-23 00:00:00'),('222099228',3803,0,'E5',' ',42.29649800,-71.12933399,'BUSSEY ST & WALTER ST\nROSLINDALE  MA 02131\nUNITED ','2022-12-23 22:09:00'),('222099230',1109,0,'B2',' ',42.33167475,-71.09640092,'TREMONT ST','2022-12-23 22:57:00'),('222099231',3115,0,'E5','551',42.27562519,-71.13142204,'GLENDOWER RD','2022-12-23 22:34:00'),('222099232',3802,0,'C11','240',42.32004176,-71.06104118,'E COTTAGE ST','2022-12-23 00:00:00'),('222099233',3114,0,'E18','528',42.23640083,-71.13625139,'SPRAGUE ST','2022-12-23 23:00:00'),('222099237',3831,0,'C11','462',42.29997203,-71.07226402,'BOWDOIN ST & WESTVILLE ST\nDORCHESTER  MA 02124\nUNI','2022-12-23 22:35:00'),('222099238',801,0,'D4',' ',42.33428841,-71.07239518,'ALBANY ST','2022-12-23 23:10:00'),('222099240',613,0,'C11','385',0.00000000,0.00000000,'GALLIVAN BOULEVARD','2022-12-23 21:54:00'),('222099241',801,0,'A1','61',42.36643546,-71.06135413,'LEGENDS WAY','2022-12-23 00:00:00'),('222099242',3831,0,'B3',' ',42.28915232,-71.07346000,'NORFOLK ST','2022-12-23 22:58:00'),('222099243',3001,0,'A1',' ',42.35787500,-71.05132900,'ATLANTIC AVE & E INDIA ROW\nBOSTON  MA 02110\nUNITED','2022-12-23 23:34:00'),('222099245',3831,0,'E18',' ',42.26448463,-71.10697097,'BLAKE ST','2022-12-24 00:37:00'),('222099247',301,0,'C6',' ',42.33611200,-71.04665434,'W BROADWAY','2022-12-24 01:10:00'),('222099249',3110,0,'D4',' ',42.33954199,-71.06940877,'HARRISON AVE','2022-12-23 03:00:00'),('222099250',3115,0,'C6',' ',42.32692112,-71.05841861,'BOSTON ST','2022-12-24 01:04:00'),('222099251',3115,0,'C6',' ',42.35275617,-71.04748127,'SEAPORT BLVD','2022-12-24 01:30:00'),('222099254',3831,0,'B2','308',42.31799201,-71.08953100,'HAROLD ST & TOWNSEND ST\nROXBURY  MA 02121\nUNITED S','2022-12-24 01:54:00'),('222099258',1831,0,'C6','913',42.31855308,-71.03860648,'OCEAN VIEW DR','2022-12-24 01:29:00'),('222099259',801,0,'A1','64',42.36192792,-71.07081974,'CHARLES ST','2022-12-24 02:11:00'),('222099260',1831,0,'E18',' ',42.26420134,-71.09721112,'EDGEWATER DR','2022-12-24 02:10:00'),('222099261',1831,0,'C11','387',42.27964029,-71.05445675,'GRANITE AVE','2022-12-24 01:09:00'),('222099264',724,0,'A7',' ',42.38289141,-71.03930932,'MERIDIAN ST','2022-12-24 01:37:00'),('222099265',3831,0,'B3',' ',42.30132851,-71.07870873,'NORWELL ST','2022-12-24 02:58:00'),('222099266',3114,0,'D4','598',42.34702479,-71.08516365,'DALTON ST','2022-12-23 23:41:00'),('222099267',423,0,'C6',' ',42.32696647,-71.06198607,'ALLSTATE RD','2022-12-24 03:12:00'),('222099268',3830,0,'A7','28',42.37081805,-71.03929078,'PARIS ST','2022-12-24 03:00:00'),('222099269',3115,0,'B2',' ',42.31508518,-71.08508813,'WYOMING ST','2022-12-24 03:52:00'),('222099270',3114,0,'D14',' ',42.35458677,-71.12673268,'ASHFORD ST','2022-12-24 04:03:00'),('222099272',3114,1,'C11','461',42.30417845,-71.07600129,'ROSSETER ST','2022-12-24 04:11:00'),('222099273',3001,0,'B2',' ',42.32026821,-71.08150494,'WARREN ST','2022-12-24 04:19:00'),('222099275',3301,0,'B3','428',0.00000000,0.00000000,'WOOLSON STREET','2022-12-24 00:45:00'),('222099276',1831,0,'B3','427',42.27934055,-71.09130505,'EVELYN ST','2022-12-24 01:05:00'),('222099278',3410,0,'B3',' ',42.29895336,-71.07685870,'SHAFTER ST','2022-12-24 05:09:00'),('222099279',3114,0,'E13',' ',42.31069446,-71.11468072,'CENTRE ST','2022-12-24 05:33:00'),('222099281',3801,0,'B3',' ',42.26817397,-71.09387677,'BLUE HILL AVE','2022-12-24 06:15:00'),('222099285',3115,0,'E18','498',0.00000000,0.00000000,'HYDE PARK AVENUE','2022-12-24 07:00:00'),('222099287',617,0,'D4',' ',42.33954199,-71.06940877,'HARRISON AVE','2022-12-24 08:30:00'),('222099289',1001,0,'B2','282',42.32866284,-71.08563401,'WASHINGTON ST','2022-12-24 08:40:00'),('222099290',614,0,'B3','456',42.30284896,-71.07943802,'ERIE ST & MERRILL ST\nDORCHESTER  MA 02121\nUNITED S','2022-12-24 08:29:00'),('222099293',1831,0,'D4','130',42.34854636,-71.07416609,'CLARENDON ST','2022-12-24 08:59:00'),('222099295',3831,0,'B2','261',0.00000000,0.00000000,'BROOK AVENUE','2022-12-24 08:09:00'),('222099296',3410,0,'D14',' ',42.34425779,-71.14383621,'WASHINGTON ST','2022-12-24 09:33:00'),('222099297',3831,0,'C6',' ',42.33081031,-71.07024806,'MASSACHUSETTS AVE','2022-12-24 09:01:00'),('222099298',3115,0,'B2','237',42.31985447,-71.06499609,'BELDEN ST','2022-12-24 09:14:00'),('222099303',613,0,'D4',' ',42.34815229,-71.08450821,'BOYLSTON ST','2022-12-24 10:12:00'),('222099304',3207,0,'C6',' ',42.35049550,-71.04289000,'SEAPORT BLVD','2022-12-24 10:36:00'),('222099305',3006,0,'D4','150',42.34397100,-71.07747500,'COLUMBUS AVE','2022-12-24 09:44:00'),('222099307',3831,0,'C11',' ',42.29754657,-71.07111693,'TONAWANDA ST','2022-12-24 10:18:00'),('222099311',3831,0,'C11','918',0.00000000,0.00000000,'ANNAPOLIS STREET','2022-12-24 00:00:00'),('222099312',613,0,'A1','112',42.35512339,-71.06087980,'WASHINGTON ST','2022-12-24 10:57:00'),('222099313',613,0,'A1',' ',42.35512339,-71.06087980,'WASHINGTON ST','2022-12-24 11:15:00'),('222099316',3301,0,'B2',' ',42.32066146,-71.07067867,'LEYLAND ST','2022-12-24 10:35:00'),('222099317',614,0,'B3',' ',42.28576084,-71.09030349,'WOODROW AVE','2022-12-24 10:45:00'),('222099319',3201,0,'B3','428',42.28187061,-71.08751152,'MORTON ST','2022-12-24 11:48:00'),('222099322',614,0,'C6',' ',42.32772610,-71.05600435,'MAJOR MICHAEL J O\'CONNOR WAY','2022-12-24 11:32:00'),('222099323',1001,0,'E5',' ',42.27824606,-71.14833852,'TENNYSON ST','2022-12-24 11:57:00'),('222099325',619,0,'D14','778',42.34905600,-71.15049850,'WASHINGTON ST','2022-12-23 14:00:00'),('222099329',619,0,'C11','355',42.29755533,-71.05970910,'GIBSON ST','2022-12-24 12:10:00'),('222099331',3114,0,'E18','480',42.26788791,-71.10067012,'FAIRLAWN AVE','2022-12-24 11:28:00'),('222099332',3115,0,'E13','570',42.30748039,-71.10649768,'WASHINGTON ST','2022-12-24 11:52:00'),('222099333',3802,0,'E13','579',42.32292997,-71.10246998,'CENTRE ST & BICKFORD ST\nBOSTON  MA 02130\nUNITED ST','2022-12-24 11:55:00'),('222099334',613,0,'D4',' ',42.34840576,-71.08688339,'NEWBURY ST','2022-12-24 10:21:00'),('222099335',1106,0,'A7','12',0.00000000,0.00000000,'HORACE STREET','2022-12-23 00:00:00'),('222099337',3410,0,'E13',' ',42.31705201,-71.09706003,'WESTMINSTER AVE & WASHINGTON ST\nROXBURY  MA 02119\n','2022-12-24 11:13:00'),('222099340',3115,0,'B2','286',42.33378033,-71.08477419,'KERR PL','2022-12-24 00:00:00'),('222099342',3114,0,'D4',' ',42.34148578,-71.06920852,'WASHINGTON ST','2022-12-24 12:22:00'),('222099343',3108,0,'D14','772',42.34617617,-71.15448684,'ACADEMY HILL RD','2022-12-24 12:27:00'),('222099344',617,0,'D14','778',42.34905600,-71.15049850,'WASHINGTON ST','2022-12-24 08:51:00'),('222099345',613,0,'E18',' ',42.27531311,-71.11587798,'AMERICAN LEGION HWY','2022-12-24 13:01:00'),('222099346',3115,0,'C6',' ',42.34128750,-71.05467933,'W BROADWAY','2022-12-24 13:29:00'),('222099347',614,0,'B3',' ',42.29895336,-71.07685870,'SHAFTER ST','2022-12-24 11:18:00'),('222099349',3803,0,'D14',' ',42.36322276,-71.13494592,'WESTERN AVE','2022-12-24 13:22:00'),('222099350',3115,0,'D4','141',42.34840576,-71.08688339,'NEWBURY ST','2022-12-24 12:00:00'),('222099353',3831,0,'D14',' ',42.35864336,-71.14599483,'LINCOLN ST','2022-12-24 04:45:00'),('222099354',3831,0,'C11','355',42.29755533,-71.05970910,'GIBSON ST','2022-12-24 13:54:00'),('222099355',1831,0,'D14',' ',42.34914832,-71.13157300,'ROYCE RD','2022-12-24 12:28:00'),('222099356',3820,0,'C11',' ',42.29234068,-71.04803996,'FREEPORT ST','2022-12-24 13:32:00'),('222099357',617,0,'D4',' ',42.35069537,-71.07763999,'DARTMOUTH ST','2022-12-23 15:00:00'),('222099358',3831,0,'B2','263',42.32323874,-71.07380008,'MILLER PARK','2022-12-24 11:00:00'),('222099359',3802,0,'C6',' ',42.33011606,-71.05072812,'COLUMBIA RD','2022-12-24 13:33:00'),('222099361',3410,0,'C6',' ',42.33681503,-71.04775698,'W BROADWAY & F ST\nSOUTH BOSTON  MA 02127\nUNITED ST','2022-12-24 14:00:00'),('222099362',613,0,'A1','112',42.35512339,-71.06087980,'WASHINGTON ST','2022-12-24 13:45:00'),('222099363',613,0,'A1',' ',42.36109742,-71.06206081,'CAMBRIDGE ST','2022-12-24 14:01:00'),('222099364',3114,0,'E18','478',0.00000000,0.00000000,'CUMMINS HIGHWAY','2022-12-24 13:32:00'),('222099365',613,0,'D4',' ',42.34813158,-71.08027002,'RING RD','2022-12-24 11:44:00'),('222099366',3114,0,'C11','247',42.31353744,-71.05924913,'PLEASANT ST','2022-12-24 13:26:00'),('222099368',617,0,'C6',' ',42.32696647,-71.06198607,'ALLSTATE RD','2022-12-24 14:21:00'),('222099369',3802,0,'E5','715',0.00000000,0.00000000,'GLENELLEN ROAD','2022-12-24 14:30:00'),('222099374',3831,0,'C11','355',42.29755533,-71.05970910,'GIBSON ST','2022-12-24 14:48:00'),('222099375',614,0,'B2','331',42.31219754,-71.06972356,'BODWELL ST','2022-12-24 02:56:00'),('222099378',3201,0,'A7','26',0.00000000,0.00000000,'MAVERICK STREET','2022-12-24 00:00:00'),('222099381',3831,0,'B3','465',42.28482577,-71.09137369,'BLUE HILL AVE','2022-12-24 16:09:00'),('222099382',3801,0,'E18',' ',42.27162486,-71.11915512,'CLARE AVE','2022-12-24 16:01:00'),('222099384',3831,0,'B3','465',42.28482577,-71.09137369,'BLUE HILL AVE','2022-12-24 16:21:00'),('222099385',614,0,'B3','465',42.28482577,-71.09137369,'BLUE HILL AVE','2022-12-24 16:33:00'),('222099386',613,0,'D4',' ',42.35176179,-71.07452167,'NEWBURY ST','2022-12-24 16:28:00'),('222099387',3201,0,'B3','465',42.28482577,-71.09137369,'BLUE HILL AVE','2022-12-24 16:47:00'),('222099388',3410,0,'A7','20',42.37638326,-71.03124103,'CHELSEA ST','2022-12-24 16:35:00'),('222099389',3801,0,'D14',' ',42.34437626,-71.13864815,'SUMMIT AVE','2022-12-24 15:33:00'),('222099391',3108,0,'E18',' ',42.26361745,-71.10237387,'RIVER ST','2022-12-24 16:42:00'),('222099392',423,0,'B2','327',42.31531528,-71.07544326,'HOWARD AVE','2022-12-24 17:00:00'),('222099393',3115,0,'B2',' ',42.31830219,-71.08575355,'HUMBOLDT CT','2022-12-24 16:11:00'),('222099394',2647,0,'E5',' ',42.27685989,-71.13757584,'BEECHLAND CIR','2022-12-24 11:27:00'),('222099395',3115,0,'B2',' ',42.31632131,-71.08923050,'HOLWORTHY ST','2022-12-24 17:13:00'),('222099397',3201,0,'B3','465',42.28482577,-71.09137369,'BLUE HILL AVE','2022-12-24 17:53:00'),('222099401',3115,0,'C6',' ',42.34128750,-71.05467933,'W BROADWAY','2022-12-24 17:33:00'),('222099402',3114,0,'B3','417',42.28154388,-71.07350542,'FULLER ST','2022-12-24 00:00:00'),('222099403',3115,0,'D14',' ',42.35453777,-71.14972700,'CYPRESS RD','2022-12-24 17:22:00'),('222099404',3831,0,'C6','200',0.00000000,0.00000000,'WEST BROADWAY','2022-12-24 12:00:00'),('222099406',614,0,'B3',' ',42.28687348,-71.08310920,'WOLLASTON TER','2022-12-24 14:04:00'),('222099408',613,0,'C6','222',0.00000000,0.00000000,'EAST BROADWAY','2022-12-24 18:30:00'),('222099409',1831,0,'B2','261',42.32104169,-71.07215291,'DUDLEY ST','2022-12-24 17:48:00'),('222099412',3831,0,'B3','465',42.28482577,-71.09137369,'BLUE HILL AVE','2022-12-24 19:00:00'),('222099416',3114,0,'E13','509',42.29970367,-71.11370354,'HYDE PARK AVE','2022-12-24 19:14:00'),('222099417',2907,0,'A7',' ',42.39027074,-70.99676864,'BENNINGTON ST','2022-12-24 19:20:00'),('222099418',615,0,'C11','355',42.29755533,-71.05970910,'GIBSON ST','2022-12-24 05:00:00'),('222099420',3114,0,'E13',' ',42.32639844,-71.11152626,'S HUNTINGTON AVE','2022-12-24 19:40:00'),('222099422',3115,0,'D4','167',0.00000000,0.00000000,'HARRISON AVENUE','2022-12-24 17:45:00'),('222099423',3115,0,'A1',' ',42.36114303,-71.05701300,'MARSH LN & UNION ST\nBOSTON  MA 02108\nUNITED STATES','2022-12-24 19:57:00'),('222099425',724,0,'C6',' ',42.34128750,-71.05467933,'W BROADWAY','2022-12-24 19:20:00'),('222099426',423,0,'D4','165',42.34322816,-71.06343087,'E BERKELEY ST','2022-12-24 20:24:00'),('222099430',3115,0,'D14',' ',42.35143700,-71.16866809,'CHAMPNEY ST','2022-12-24 20:28:00'),('222099431',1402,0,'C6',' ',0.00000000,0.00000000,'LUCY ST','2022-12-24 18:00:00'),('222099432',3114,0,'D4','153',42.34295449,-71.07628128,'W BROOKLINE ST','2022-12-24 20:17:00'),('222099434',619,0,'D14',' ',42.34793886,-71.15229604,'PEACEABLE ST','2022-12-24 21:00:00'),('222099435',3115,0,'E13','912',42.32283759,-71.10096723,'CENTRE ST','2022-12-24 20:40:00'),('222099437',3115,0,'C11','339',42.30948987,-71.06108147,'HIGH ST','2022-12-24 21:07:00'),('222099438',520,0,'C11','394',42.28367191,-71.06270014,'RADFORD LN','2022-12-24 21:53:00'),('222099440',1831,0,'B3','565',42.28813676,-71.09475747,'CATBIRD CT','2022-12-24 21:39:00'),('222099441',3501,0,'E5','691',42.28709355,-71.14822128,'CENTRE ST','2022-12-24 22:06:00'),('222099442',617,0,'B3',' ',42.30131086,-71.08443841,'GLENWAY ST','2022-12-24 21:43:00'),('222099443',615,0,'C11','355',42.29755533,-71.05970910,'GIBSON ST','2022-12-24 19:00:00'),('222099444',423,0,'D4',' ',42.34402604,-71.09615503,'PETERBOROUGH ST','2022-12-24 21:51:00'),('222099447',3502,0,'B2','265',42.32310422,-71.07894980,'COPELAND PL','2022-12-24 21:30:00'),('222099449',3831,0,'E5',' ',42.27091030,-71.14844944,'MAPLEWOOD ST','2022-12-24 16:35:00'),('222099450',301,0,'E5',' ',42.28915799,-71.12522353,'WASHINGTON ST','2022-12-24 22:37:00'),('222099452',614,0,'B2',' ',42.33036604,-71.08539297,'SHAWMUT AVE & MARVIN ST\nROXBURY  MA 02119\nUNITED S','2022-12-24 22:34:00'),('222099453',3114,0,'E13','571',42.30926218,-71.10242845,'FOREST HILLS ST','2022-12-24 22:13:00'),('222099456',1831,0,'C11',' ',42.31307634,-71.05521304,'SAGAMORE ST','2022-12-24 23:02:00'),('222099457',3008,0,'A1',' ',42.36761591,-71.06601360,'NASHUA ST','2022-12-24 22:13:00'),('222099458',540,0,'B2','258',42.31596900,-71.06625300,'COLUMBIA RD','2022-12-24 10:40:00'),('222099460',3802,0,'C11',' ',42.28575202,-71.06430903,'ASHMONT ST & DORCHESTER AVE\nDORCHESTER  MA 02124\nU','2022-12-24 23:17:00'),('222099461',301,0,'A1','78',42.36165196,-71.05630529,'BLACKSTONE ST','2022-12-24 23:03:00'),('222099462',3115,0,'D4','905',42.33981270,-71.07065622,'HARRISON ARCHWAYS','2022-12-24 23:23:00'),('222099465',301,0,'E13','608',42.32955245,-71.11112429,'S HUNTINGTON AVE','2022-12-24 23:32:00'),('222099467',614,0,'B3',' ',42.26956689,-71.09075049,'RIVER ST','2022-12-25 00:16:00'),('222099468',1832,0,'D4',' ',42.34561901,-71.07990847,'SAINT BOTOLPH ST','2022-12-25 00:24:00'),('222099469',3115,0,'A7',' ',42.38831841,-71.01600449,'WILLIAM F MCCLELLAN HWY','2022-12-25 00:42:00'),('222099474',3301,0,'C11',' ',42.30422175,-71.07918459,'WASHINGTON ST','2022-12-25 01:19:00'),('222099476',3114,0,'C11','369',42.29361667,-71.04976647,'ROWLEY ST','2022-12-25 00:27:00'),('222099477',1402,0,'D14',' ',42.35110337,-71.16524536,'BRACKETT ST','2022-12-25 01:40:00'),('222099481',1831,0,'C6','222',0.00000000,0.00000000,'M STREET','2022-12-25 01:34:00'),('222099482',3115,0,'C11',' ',42.30215371,-71.06287859,'WESTVILLE ST','2022-12-25 00:57:00'),('222099486',3301,0,'D14',' ',42.35540113,-71.13090649,'LINDEN ST','2022-12-25 02:15:00'),('222099489',3301,0,'A15',' ',42.37685199,-71.06887254,'DUNSTABLE ST','2022-12-25 02:02:00'),('222099490',3803,0,'A7',' ',42.37724638,-71.03259708,'BENNINGTON ST','2022-12-25 02:07:00'),('222099492',520,0,'D14','764',0.00000000,0.00000000,'HARRIET STREET','2022-12-25 03:24:00'),('222099498',617,0,'C11',' ',42.31947427,-71.05675956,'DORCHESTER AVE','2022-12-25 04:32:00'),('222099499',3831,0,'E18',' ',42.27589902,-71.12566696,'METROPOLITAN AVE & POPLAR ST\nROSLINDALE  MA 02131\n','2022-12-25 04:41:00'),('222099500',3006,0,'A1','63',42.36580175,-71.06538257,'MARTHA RD','2022-12-25 04:18:00'),('222099501',3831,0,'A7',' ',42.38932887,-71.00707339,'BREED ST','2022-12-25 03:48:00'),('222099502',3410,0,'E5',' ',42.28247873,-71.13239127,'WASHINGTON ST','2022-12-25 00:41:00'),('222099503',2905,0,'A7',' ',42.38258499,-71.01838299,'BENNINGTON ST & MOORE ST\nEAST BOSTON  MA 02128\nUNI','2022-12-25 06:08:00'),('222099504',3001,0,'A1',' ',42.35892279,-71.05835354,'COURT ST','2022-12-25 07:22:00'),('222099507',3410,0,'B3',' ',42.29752097,-71.08502291,'WALES ST','2022-12-25 07:37:00'),('222099509',1402,0,'C6','186',0.00000000,0.00000000,'JAN KARSKI WAY','2022-12-25 08:08:00'),('222099511',801,0,'D4','167',42.33954199,-71.06940877,'HARRISON AVE','2022-12-24 15:57:00'),('222099512',3114,0,'D14','761',42.34966931,-71.15878178,'MALBERT RD','2022-12-25 09:32:00'),('222099513',2905,0,'C6','175',42.33210843,-71.07014395,'SOUTHAMPTON ST','2022-12-25 10:04:00'),('222099514',3115,0,'C11','355',42.29755533,-71.05970910,'GIBSON ST','2022-12-25 10:05:00'),('222099516',3114,0,'E18','484',0.00000000,0.00000000,'POYDRAS STREET','2022-12-25 09:36:00'),('222099518',613,0,'B2',' ',42.32104457,-71.09281974,'WASHINGTON ST','2022-12-25 10:03:00'),('222099523',617,0,'D14','767',42.35891094,-71.15765076,'SOLDIERS FIELD RD','2022-12-25 10:51:00'),('222099525',1831,0,'E13',' ',42.32469443,-71.10087902,'PARKER ST','2022-12-25 11:03:00'),('222099529',3402,0,'B2','282',42.32866284,-71.08563401,'WASHINGTON ST','2022-12-24 11:00:00'),('222099530',1402,0,'C6','914',0.00000000,0.00000000,'GAVIN WAY','2022-12-25 11:15:00'),('222099533',3115,0,'C11',' ',42.29755533,-71.05970910,'GIBSON ST','2022-12-25 01:02:00'),('222099534',3114,0,'A1',' ',42.36643546,-71.06135413,'LEGENDS WAY','2022-12-25 13:00:00'),('222099535',3115,0,'B3','468',0.00000000,0.00000000,'WELLINGTON HILL STREET','2022-12-25 13:30:00'),('222099536',1106,0,'B2','282',42.32866284,-71.08563401,'WASHINGTON ST','2022-12-24 22:30:00'),('222099537',3410,0,'C6',' ',42.33357598,-71.04623704,'ATLANTIC ST & THOMAS PARK\nSOUTH BOSTON  MA 02127\nU','2022-12-25 13:04:00'),('222099538',3803,0,'D4','273',42.33891696,-71.08114902,'NORTHAMPTON ST & TREMONT ST\nROXBURY  MA 02118\nUNIT','2022-12-25 13:10:00'),('222099542',2612,0,'E18',' ',42.26939215,-71.09684342,'CUMMINS HWY','2022-12-25 14:07:00'),('222099545',3301,0,'A1','68',0.00000000,0.00000000,'BOWDOIN STREET','2022-12-25 14:28:00'),('222099548',3801,0,'E18','546',42.26329101,-71.12564800,'AUSTIN ST & WEST ST\nHYDE PARK  MA 02136\nUNITED STA','2022-12-25 14:30:00'),('222099549',3301,0,'B3','456',0.00000000,0.00000000,'ELLINGTON STREET','2022-12-25 14:59:00'),('222099555',3115,0,'D14','939',42.35555336,-71.15274721,'FANEUIL ST','2022-12-25 15:20:00'),('222099556',3114,0,'E13',' ',42.31265126,-71.11414509,'CENTRE ST','2022-12-25 15:10:00'),('222099557',3114,0,'E5',' ',42.28023006,-71.13314261,'DENTON TER','2022-12-25 14:48:00'),('222099559',614,0,'A7','21',42.37442697,-71.03527876,'PARIS ST','2022-12-25 16:07:00'),('222099560',1831,0,'B3',' ',42.28701738,-71.07706453,'WHITMAN ST','2022-12-25 16:11:00'),('222099562',2403,0,'B3',' ',42.27615691,-71.09550303,'TENNIS RD','2022-12-25 16:20:00'),('222099565',801,0,'C6',' ',42.34302578,-71.05728085,'W BROADWAY','2022-12-25 17:28:00'),('222099566',1831,0,'B3','434',42.28411373,-71.07938717,'STANTON ST','2022-12-25 17:14:00'),('222099567',3301,0,'B3','430',42.28472672,-71.08921973,'LUCERNE ST','2022-12-25 17:25:00'),('222099569',3114,1,'E18','494',42.26023312,-71.11829238,'ELM ST','2022-12-25 17:39:00'),('222099570',301,0,'D4','172',42.33311189,-71.07276370,'MASSACHUSETTS AVE','2022-12-25 17:47:00'),('222099572',1831,0,'D14',' ',42.35528211,-71.14566136,'N BEACON ST','2022-12-25 18:10:00'),('222099573',3115,0,'A1',' ',42.36374580,-71.06354647,'STANIFORD ST','2022-12-25 17:56:00'),('222099574',3115,0,'E13',' ',42.31668732,-71.11261214,'ROBINWOOD AVE','2022-12-25 18:06:00'),('222099576',3831,0,'B2','329',42.30867800,-71.08295899,'BLUE HILL AVE & GENEVA AVE\nDORCHESTER  MA 02121\nUN','2022-12-24 21:50:00'),('222099578',3831,0,'B3','465',0.00000000,0.00000000,'BLUE HILL AVENUE','2022-12-25 18:40:00'),('222099579',614,0,'D14','938',42.34600287,-71.14387725,'FIDELIS WAY','2022-12-25 19:03:00'),('222099582',1831,0,'A7',' ',42.36606328,-71.03655811,'COTTAGE ST','2022-12-25 19:26:00'),('222099583',301,0,'A7',' ',42.37594468,-71.03911786,'MERIDIAN ST','2022-12-25 19:52:00'),('222099588',3114,0,'E13',' ',42.30492239,-71.10298073,'FOREST HILLS ST','2022-12-25 15:04:00'),('222099589',724,0,'B2','605',42.33332888,-71.10659534,'HUNTINGTON AVE','2022-12-25 21:00:00'),('222099590',520,0,'D14',' ',42.35091828,-71.14967241,'SPARHAWK ST','2022-12-25 10:45:00'),('222099591',3114,0,'D14',' ',42.35252146,-71.13544628,'HIGGINS ST','2022-12-25 21:08:00'),('222099592',1001,0,'E13',' ',42.29796801,-71.11485501,'UKRAINE WAY & HYDE PARK AVE\nJAMAICA PLAIN  MA 0213','2022-12-25 21:25:00'),('222099593',613,0,'A1',' ',42.36064470,-71.07086192,'CHARLES ST','2022-12-25 22:00:00'),('222099595',3115,0,'E18',' ',42.26571793,-71.09995806,'RECTOR RD','2022-12-25 22:36:00'),('222099596',3410,0,'C11','340',0.00000000,0.00000000,'DRAPER STREET','2022-12-25 22:15:00'),('222099597',617,0,'D14',' ',42.35153421,-71.12710744,'SAINT LUKES RD','2022-12-25 22:56:00'),('222099598',1831,0,'C6','234',42.33150669,-71.03365267,'E EIGHTH ST','2022-12-25 22:25:00'),('222099599',520,0,'A7',' ',42.37030725,-71.03724113,'BREMEN ST','2022-12-25 23:20:00'),('222099600',3802,0,'B3',' ',42.29174103,-71.07717899,'TALBOT AVE & NEW ENGLAND AVE\nDORCHESTER  MA 02124\n','2022-12-25 23:09:00'),('222099602',423,0,'A7',' ',42.38685489,-71.00738288,'SARATOGA ST','2022-12-25 23:20:00'),('222099606',3803,0,'B3','466',42.28020911,-71.09292541,'BLUE HILL AVE','2022-12-25 23:45:00'),('222099607',3115,0,'B3',' ',42.28567647,-71.08022781,'NORFOLK ST','2022-12-26 00:20:00'),('222099608',1402,0,'C11',' ',42.27839920,-71.06636305,'DORCHESTER AVE','2022-12-25 23:34:00'),('222099609',614,0,'C6','186',0.00000000,0.00000000,'JAN KARSKI WAY','2022-12-26 00:20:00'),('222099610',520,0,'E18',' ',42.26089606,-71.12488672,'SUMMER ST','2022-12-26 01:51:00'),('222099611',3801,0,'C11',' ',42.31086104,-71.05163502,'CASTLE ROCK ST & GRAMPIAN WAY\nDORCHESTER  MA 02125','2022-12-26 02:00:00'),('222099612',1831,0,'C11',' ',42.30404525,-71.05704706,'GREENWICH ST','2022-12-26 01:47:00'),('222099613',3410,0,'A7',' ',42.38093703,-71.03608574,'BROOKS ST','2022-12-26 02:56:00'),('222099615',3108,0,'B2','300',0.00000000,0.00000000,'WASHINGTON STREET','2022-12-26 04:00:00'),('222099617',1831,0,'B3','474',42.27119410,-71.10398639,'CUMMINS HWY','2022-12-26 05:27:00'),('222099618',2612,0,'E13',' ',42.29697912,-71.11561599,'HYDE PARK AVE','2022-12-26 06:34:00'),('222099619',3803,0,'D14',' ',42.36016496,-71.13659896,'HOLTON ST & EVERETT ST','2022-12-26 06:48:00'),('222099620',615,0,'E5','557',42.28033271,-71.12479506,'POPLAR ST','2022-12-26 03:42:00'),('222099621',3802,0,'E18','496',42.26701085,-71.12096171,'HYDE PARK AVE','2022-12-26 07:15:00'),('222099622',3114,1,'C11',' ',42.29979690,-71.06533457,'GENEVA AVE','2022-12-26 07:54:00'),('222099623',3301,0,'B3',' ',42.28414025,-71.09305138,'DEERING RD','2022-12-26 07:33:00'),('222099624',3207,0,'D14',' ',42.35146791,-71.14344115,'CAMBRIDGE ST','2022-12-26 08:03:00'),('222099625',1831,0,'A1','117',42.35145666,-71.06167557,'BEACH ST','2022-12-26 08:30:00'),('222099626',3802,0,'A15',' ',42.38403471,-71.07262653,'MAIN ST','2022-12-26 08:23:00'),('222099627',3831,0,'B2',' ',42.31505391,-71.08223330,'HOLBORN ST','2022-12-26 09:04:00'),('222099628',3831,0,'D4',' ',42.34894101,-71.09692297,'BEACON ST & COMMONWEALTH AVE\nBOSTON  MA 02215\nUNIT','2022-12-26 09:00:00'),('222099629',3410,0,'B2',' ',42.31892106,-71.06428400,'HOLDEN ST','2022-12-26 09:56:00'),('222099630',3115,0,'D14',' ',42.35062549,-71.15133403,'BENTLEY ST','2022-12-26 08:55:00'),('222099631',801,0,'E13',' ',42.30098889,-71.12708146,'CENTRE ST','2022-12-25 21:30:00'),('222099633',2662,0,'B3',' ',42.28406985,-71.08824920,'THEODORE ST','2022-12-26 09:24:00'),('222099635',3831,0,'D4',' ',42.34041441,-71.08031699,'W SPRINGFIELD ST','2022-12-26 10:03:00'),('222099637',615,0,'E13',' ',42.29157080,-71.11373122,'EASTLAND RD','2022-12-26 04:00:00'),('222099642',3207,0,'D4',' ',42.34862382,-71.08277637,'BOYLSTON ST','2022-12-26 10:54:00'),('222099644',3501,0,'E18','516',42.25188297,-71.11915243,'TRUMAN PKWY','2022-12-25 00:00:00'),('222099645',3802,0,'D14',' ',42.36146670,-71.13944325,'GOULD ST','2022-12-26 10:31:00'),('222099646',3119,0,'E18','500',42.27966845,-71.11455760,'MANNING ST','2022-12-26 10:35:00'),('222099647',1831,0,'E13',' ',42.32030543,-71.10966668,'PAUL GORE ST','2022-12-26 10:45:00'),('222099649',3831,0,'B2',' ',42.31944532,-71.08780767,'HAROLD ST','2022-12-26 11:31:00'),('222099651',619,0,'B3','449',0.00000000,0.00000000,'WHITFIELD STREET','2022-12-26 11:41:00'),('222099654',619,0,'A1','61',42.36643546,-71.06135413,'LEGENDS WAY','2022-12-25 18:00:00'),('222099657',3114,0,'D4',' ',42.34252789,-71.07678918,'PEMBROKE ST','2022-12-26 11:34:00'),('222099659',613,0,'D4','143',42.34862382,-71.08277637,'BOYLSTON ST','2022-12-26 11:27:00'),('222099661',3115,0,'E18','520',42.25621592,-71.12401947,'HYDE PARK AVE','2022-12-26 10:02:00'),('222099662',2647,0,'E13',' ',42.30892227,-71.09986991,'SIGOURNEY ST','2022-12-26 11:38:00'),('222099664',613,0,'D4','143',42.34862382,-71.08277637,'BOYLSTON ST','2022-12-26 11:50:00'),('222099665',3201,0,'D14',' ',42.35934409,-71.15389780,'SOLDIERS FIELD RD','2022-12-26 11:25:00'),('222099666',3001,0,'D4',' ',42.34701666,-71.06886237,'TREMONT ST','2022-12-26 12:13:00'),('222099667',3106,0,'A15',' ',42.37773256,-71.05551443,'SAMUEL MORSE WAY','2022-12-26 12:31:00'),('222099669',614,0,'E13',' ',42.32469443,-71.10087902,'PARKER ST','2022-12-26 12:25:00'),('222099670',3501,0,'C11',' ',42.30090969,-71.07425843,'BOWDOIN AVE','2022-12-26 12:05:00'),('222099672',613,0,'D4','143',42.34862382,-71.08277637,'BOYLSTON ST','2022-12-26 12:06:00'),('222099673',3006,0,'D14',' ',42.35934409,-71.15389780,'SOLDIERS FIELD RD','2022-12-26 12:11:00'),('222099674',2670,0,'C11',' ',42.28863812,-71.06631579,'TALBOT AVE','2022-12-26 12:11:00'),('222099676',613,0,'B2',' ',42.33857000,-71.10670681,'LONGWOOD AVE','2022-12-26 12:42:00'),('222099678',3112,0,'B2',' ',42.31236298,-71.06890381,'COLUMBIA RD','2022-12-26 12:29:00'),('222099679',1831,0,'B3','441',42.29478706,-71.08206875,'KINGSDALE ST','2022-12-26 12:52:00'),('222099682',3115,0,'A7','28',42.37081805,-71.03929078,'PARIS ST','2022-12-26 12:00:00'),('222099683',617,0,'D4','167',42.33954199,-71.06940877,'HARRISON AVE','2022-12-26 13:40:00'),('222099684',1831,0,'E13','638',42.31699715,-71.10606776,'BOYLSTON ST','2022-12-26 11:33:00'),('222099685',3114,0,'A1',' ',0.00000000,0.00000000,'SUDBURY ST','2022-12-26 13:05:00'),('222099687',614,0,'B2',' ',42.32647731,-71.08261472,'WINTHROP ST','2022-12-26 13:30:00'),('222099691',3201,0,'C6',' ',42.35196451,-71.04611291,'SEAPORT BLVD','2022-12-26 13:56:00'),('222099692',2905,0,'E13',' ',42.32284485,-71.10384777,'CENTRE ST','2022-12-26 14:03:00'),('222099694',1501,0,'E13','930',42.31506898,-71.09746579,'COLUMBUS AVE','2022-12-26 14:14:00'),('222099696',1102,0,'D14','778',42.34905600,-71.15049850,'WASHINGTON ST','2022-12-26 14:39:00'),('222099697',1810,0,'C6',' ',42.33191003,-71.06906000,'SOUTHAMPTON ST & ATKINSON ST\nBOSTON  MA 02118\nUNIT','2022-12-26 13:04:00'),('222099698',1106,0,'E13','574',42.30971857,-71.10429432,'WASHINGTON ST','2022-12-25 23:00:00'),('222099699',619,0,'D4','284',42.33818150,-71.08497000,'COLUMBUS AVE','2022-12-26 14:11:00'),('222099700',724,0,'E18',' ',42.24967245,-71.12004045,'NEPONSET AVE','2022-12-25 09:00:00'),('222099704',2670,0,'B2','320',42.31068153,-71.08619442,'GEORGIA ST','2022-12-26 13:47:00'),('222099705',3831,0,'C6','200',42.34128750,-71.05467933,'W BROADWAY','2022-12-23 19:00:00'),('222099706',3201,0,'E5','691',42.28709355,-71.14822128,'CENTRE ST','2022-12-23 18:00:00'),('222099707',1810,0,'C6',' ',42.33210843,-71.07014395,'SOUTHAMPTON ST','2022-12-26 11:34:00'),('222099708',1810,0,'C6',' ',42.33210843,-71.07014395,'SOUTHAMPTON ST','2022-12-26 12:15:00'),('222099709',1831,0,'B2','267',42.32491307,-71.07677170,'MOUNT PLEASANT AVE','2022-12-26 00:00:00'),('222099710',3115,0,'C11','335',42.30983228,-71.06817322,'BELLEVUE ST','2022-12-26 15:00:00'),('222099711',3831,0,'C6',' ',42.32995513,-71.05369679,'VINTON ST','2022-12-24 15:38:00'),('222099712',1402,0,'A7','21',42.37474388,-71.03207627,'BREMEN ST','2022-12-24 00:00:00'),('222099713',613,0,'C6','186',42.32696647,-71.06198607,'ALLSTATE RD','2022-12-26 15:05:00'),('222099717',617,0,'D4','167',42.33954199,-71.06940877,'HARRISON AVE','2022-12-25 15:00:00'),('222099718',1831,0,'B2','239',42.31735472,-71.06582970,'DUDLEY ST','2022-12-26 00:00:00'),('222099719',3114,0,'E18',' ',42.27360525,-71.13891736,'HIGHCREST RD','2022-12-26 13:22:00'),('222099722',2670,0,'E18','501',42.27930648,-71.11909810,'HYDE PARK AVE','2022-12-26 14:10:00'),('222099725',3114,0,'D4','139',42.35118145,-71.08824120,'BEACON ST','2022-12-26 15:07:00'),('222099726',3006,0,'C11',' ',42.30791910,-71.07044443,'BELLEVUE ST','2022-12-26 15:48:00'),('222099727',614,0,'B2',' ',42.32210440,-71.07039167,'CLIFTON ST','2022-12-26 16:20:00'),('222099730',614,0,'B2','319',0.00000000,0.00000000,'NAZING STREET','2022-12-26 16:40:00'),('222099733',619,0,'D14',' ',42.35216435,-71.12378708,'COMMONWEALTH AVE','2022-12-26 16:53:00'),('222099735',1810,0,'B2',' ',42.31082700,-71.08156800,'BLUE HILL AVE & DEVON ST\nDORCHESTER  MA 02121\nUNIT','2022-12-26 17:15:00'),('222099738',520,0,'E5',' ',42.28292959,-71.13061443,'ALBANO ST','2022-12-26 14:10:00'),('222099739',619,0,'E13',' ',42.30971857,-71.10429432,'WASHINGTON ST','2022-12-26 18:27:00'),('222099742',2905,0,'A1',' ',42.35168996,-71.06471999,'TREMONT ST & LAGRANGE ST\nBOSTON  MA 02116\nUNITED S','2022-12-26 18:04:00'),('222099743',301,0,'C6',' ',42.33930416,-71.05160423,'W BROADWAY','2022-12-26 18:32:00'),('222099744',3114,0,'D4','138',42.35059717,-71.07881031,'NEWBURY ST','2022-12-26 18:30:00'),('222099745',3410,0,'A7',' ',42.37704396,-71.03518074,'SARATOGA ST','2022-12-26 18:56:00'),('222099746',3831,0,'C11','359',42.29581546,-71.06884734,'ALPHA RD','2022-12-26 18:55:00'),('222099747',3115,0,'B2','328',42.31072113,-71.07537884,'COLEUS PARK','2022-12-26 18:30:00'),('222099748',3018,0,'C6','226',42.33561661,-71.03641894,'E BROADWAY','2022-12-26 19:37:00'),('222099750',3112,0,'E18','541',42.25527615,-71.13306768,'BRAINARD ST','2022-12-26 19:30:00'),('222099751',1402,0,'D4','167',42.33954199,-71.06940877,'HARRISON AVE','2022-12-25 10:54:00'),('222099752',2905,0,'D4','150',42.34584796,-71.07523800,'COLUMBUS AVE & DARTMOUTH ST\nBOSTON  MA 02116\nUNITE','2022-12-26 18:37:00'),('222099755',3001,0,'C11',' ',42.31071604,-71.05950157,'PLEASANT ST','2022-12-26 19:29:00'),('222099756',1106,0,'E18','520',42.25621592,-71.12401947,'HYDE PARK AVE','2022-12-23 20:00:00'),('222099757',3831,0,'C11','393',0.00000000,0.00000000,'WRENTHAM STREET','2022-12-26 00:00:00'),('222099758',3114,0,'C6','186',0.00000000,0.00000000,'JAN KARSKI WAY','2022-12-26 20:10:00'),('222099760',3115,0,'D14','784',42.34959253,-71.14856689,'CAMBRIDGE ST','2022-12-26 18:19:00'),('222099761',1810,0,'B2','280',42.32902469,-71.08341505,'WARREN ST','2022-12-26 19:23:00'),('222099762',3301,0,'E18',' ',42.27348105,-71.11129763,'PLEASANTVIEW ST','2022-12-26 20:10:00'),('222099766',1831,0,'B2',' ',42.32174941,-71.09298176,'THORNTON PL','2022-12-26 20:39:00'),('222099767',1832,0,'B2',' ',42.31686700,-71.07123005,'LINGARD ST','2022-12-26 21:05:00'),('222099768',3111,0,'D14',' ',42.35283155,-71.13114273,'BRIGHTON AVE','2022-12-26 21:54:00'),('222099769',3410,0,'B3','430',42.28671244,-71.08947258,'ASHTON ST','2022-12-26 20:46:00'),('222099771',801,0,'C11',' ',42.28526024,-71.06444063,'DORCHESTER AVE','2022-12-26 22:01:00'),('222099774',520,0,'C6',' ',42.33565035,-71.03438806,'E BROADWAY','2022-12-26 22:02:00'),('222099777',617,0,'C11',' ',42.29963709,-71.05851176,'ADAMS ST','2022-12-26 16:30:00'),('222099779',2610,0,'C6',' ',0.00000000,0.00000000,'JAMES ONEIL ST','2022-12-26 09:40:00'),('222099780',3115,0,'B2',' ',42.33326323,-71.10848410,'HUNTINGTON AVE','2022-12-26 00:00:00'),('222099783',1831,0,'B2','593',42.33538444,-71.10677965,'FRANCIS ST','2022-12-26 21:30:00'),('222099784',3301,0,'E18','518',0.00000000,0.00000000,'GARFIELD AVENUE','2022-12-26 22:41:00'),('222099785',3301,0,'B2','332',42.31519665,-71.06678387,'COLUMBIA RD','2022-12-26 23:00:00'),('222099786',1402,0,'A15',' ',42.37810926,-71.05213166,'THIRTEENTH ST','2022-12-26 22:40:00'),('222099787',2905,0,'A1','76',42.36436001,-71.05988997,'ANTHONY RIP VALENTI WAY & CANAL ST\nBOSTON  MA 0211','2022-12-26 22:46:00'),('222099789',3114,0,'C11','385',42.28474784,-71.04460309,'GALLIVAN BLVD','2022-12-26 23:25:00'),('222099790',3803,0,'C11','336',42.31008601,-71.07226398,'COLUMBIA RD & HAMILTON ST\nDORCHESTER  MA 02125\nUNI','2022-12-26 23:21:00'),('222099792',3108,0,'C11','817',42.28863812,-71.06631579,'TALBOT AVE','2022-12-27 00:33:00'),('222099795',1831,0,'B2',' ',42.33399548,-71.08724362,'RUGGLES ST','2022-12-27 00:29:00'),('222099796',3108,0,'B2',' ',42.33127296,-71.09288800,'KING ST & MALCOLM X BLVD\nROXBURY  MA 02119\nUNITED ','2022-12-27 02:03:00'),('222099798',801,0,'A1',' ',42.35952721,-71.05358839,'COMMERCIAL ST','2022-12-27 01:51:00'),('222099799',3114,0,'C6','214',42.33632626,-71.05103152,'E ST','2022-12-27 02:08:00'),('222099800',900,0,'C11',' ',0.00000000,0.00000000,'DORCHESTER AVENUE','2022-12-27 02:30:00'),('222099802',3115,0,'D4','626',42.34160357,-71.09771750,'PARK DR','2022-12-27 02:00:00'),('222099803',3108,0,'C11','397',0.00000000,0.00000000,'TALBOT AVENUE','2022-12-27 00:35:00'),('222099804',3201,0,'C11','355',42.29755533,-71.05970910,'GIBSON ST','2022-12-27 02:40:00'),('222099805',3114,1,'B2',' ',42.32486954,-71.09798052,'CENTRE ST','2022-12-27 03:34:00'),('222099806',423,0,'D4','171',42.33428841,-71.07239518,'ALBANY ST','2022-12-27 03:45:00'),('222099807',1402,0,'B2','329',42.30989454,-71.08231854,'BLUE HILL AVE','2022-12-27 03:53:00'),('222099809',615,0,'B2',' ',42.31113699,-71.08227667,'DEVON ST','2022-12-27 00:00:00'),('222099810',3115,0,'B2',' ',42.32696801,-71.08051941,'GREENVILLE ST','2022-12-27 03:57:00'),('222099811',3115,0,'E5',' ',42.29011783,-71.12187904,'FAWNDALE RD','2022-12-27 03:56:00'),('222099812',1402,0,'E18',' ',42.26430492,-71.10061293,'RIVER ST','2022-12-27 06:00:00'),('222099815',2403,0,'A1','64',42.36240281,-71.06954652,'FRUIT ST','2022-12-27 05:55:00'),('222099818',614,0,'C11',' ',42.27230624,-71.06721386,'ADAMS ST','2022-12-27 06:28:00'),('222099819',3115,0,'E13','657',42.30098889,-71.12708146,'CENTRE ST','2022-12-27 06:55:00'),('222099820',3006,0,'A7',' ',42.36943145,-71.03917178,'MAVERICK SQ','2022-12-27 06:40:00'),('222099821',3410,0,'A1','122',42.35000492,-71.06359053,'WASHINGTON ST','2022-12-27 06:48:00'),('222099822',1831,0,'E5',' ',42.26716726,-71.15073491,'WASHINGTON ST','2022-12-27 07:15:00'),('222099823',3831,0,'E18','520',42.25621592,-71.12401947,'HYDE PARK AVE','2022-12-23 15:00:00'),('222099824',3125,0,'A1','64',42.36240281,-71.06954652,'FRUIT ST','2022-12-27 05:03:00'),('222099828',3207,0,'C11','355',42.29755533,-71.05970910,'GIBSON ST','2022-12-27 08:11:00'),('222099829',3802,0,'B2','279',42.32860000,-71.08274995,'DUDLEY ST & HARRISON AVE\nBOSTON  MA 02119\nUNITED S','2022-12-27 08:06:00'),('222099830',617,0,'B3',' ',42.28098427,-71.08528267,'MORTON ST','2022-12-24 18:00:00'),('222099832',3301,0,'D4',' ',42.34063707,-71.07572281,'W NEWTON ST','2022-12-27 07:59:00'),('222099833',3115,0,'D4','619',42.34376458,-71.08866865,'WESTLAND AVE','2022-12-27 08:18:00'),('222099834',3001,0,'D14',' ',42.35603003,-71.16390698,'GERRISH ST','2022-12-27 08:04:00'),('222099835',3410,0,'D14',' ',42.33901783,-71.14904284,'SUTHERLAND RD','2022-12-27 07:15:00'),('222099837',3410,0,'C6',' ',42.33574249,-71.05309125,'W SEVENTH ST','2022-12-27 08:30:00'),('222099838',2647,0,'B2','308',42.31857590,-71.08767243,'MUNROE ST','2022-12-27 09:20:00'),('222099839',3410,0,'B2','276',42.33373403,-71.08257898,'MELNEA CASS BLVD & SHAWMUT AVE\nROXBURY  MA 02119\nU','2022-12-27 00:00:00'),('222099840',1831,0,'B3','438',42.29000873,-71.07580876,'SOUTHERN AVE','2022-12-27 09:23:00'),('222099842',1831,0,'D4',' ',42.34412628,-71.09942777,'BOYLSTON ST','2022-12-27 09:33:00'),('222099843',3115,0,'D14',' ',42.35159398,-71.12865659,'CHESTER ST','2022-12-27 09:45:00'),('222099844',3831,0,'E18',' ',42.25466263,-71.12430955,'HYDE PARK AVE','2022-12-27 10:02:00'),('222099846',3410,0,'C11',' ',42.32006001,-71.05863206,'COLUMBIA RD & GREENHALGE ST\nDORCHESTER  MA 02125\nU','2022-12-27 08:43:00'),('222099847',2647,0,'B3',' ',42.26956689,-71.09075049,'RIVER ST','2022-12-27 10:01:00'),('222099848',3001,0,'C11','332',0.00000000,0.00000000,'BELLEVUE STREET','2022-12-27 10:28:00'),('222099849',3115,0,'B3',' ',42.30066767,-71.08422846,'DRUMMOND ST','2022-12-27 00:00:00'),('222099850',3301,0,'D4','167',42.33954199,-71.06940877,'HARRISON AVE','2022-12-27 10:55:00'),('222099853',2647,0,'C11','255',42.31190475,-71.05910531,'PLEASANT ST','2022-12-27 10:28:00'),('222099855',3831,0,'D14',' ',42.35910357,-71.12726364,'N HARVARD ST','2022-12-27 10:46:00'),('222099856',3115,0,'D4',' ',42.35101360,-71.07293513,'BERKELEY ST','2022-12-27 08:22:00'),('222099858',3803,0,'E13','578',42.31694189,-71.10394558,'BOYLSTON ST','2022-12-27 09:50:00'),('222099859',3831,0,'B2',' ',42.31175348,-71.08197378,'BRUNSWICK ST','2022-12-27 10:47:00'),('222099860',1106,0,'C6','200',42.34128750,-71.05467933,'W BROADWAY','2022-12-24 00:00:00'),('222099861',3821,0,'A1',' ',42.35351996,-71.05779999,'SUMMER ST & LINCOLN ST\nBOSTON  MA 02110\nUNITED STA','2022-12-27 10:47:00'),('222099862',1831,0,'C6',' ',42.33585857,-71.04073746,'EMERSON ST','2022-12-27 10:42:00'),('222099863',1831,0,'E5','550',42.27409180,-71.13951459,'BLUE LEDGE DR','2022-12-27 00:00:00'),('222099865',3201,0,'B2','282',42.32866284,-71.08563401,'WASHINGTON ST','2022-12-26 23:00:00'),('222099866',3115,0,'E5','691',42.28709355,-71.14822128,'CENTRE ST','2022-12-27 10:22:00'),('222099869',3006,0,'D4','598',42.34634313,-71.08482013,'DALTON ST','2022-12-27 10:43:00'),('222099870',900,0,'B3',' ',42.28208198,-71.07364875,'MORA ST','2022-12-27 11:24:00'),('222099871',1831,0,'C11',' ',42.29202056,-71.06681679,'ALLSTON ST','2022-12-27 11:05:00'),('222099872',1831,0,'E5',' ',42.28020819,-71.17087959,'VFW PKWY','2022-12-27 11:12:00'),('222099873',520,0,'A1',' ',42.35956724,-71.06660081,'REVERE ST','2022-12-27 11:26:00'),('222099876',3114,0,'A1','61',42.36537480,-71.06154161,'CAUSEWAY ST','2022-12-27 11:53:00'),('222099877',619,0,'B2','282',42.32866284,-71.08563401,'WASHINGTON ST','2022-12-27 10:50:00'),('222099879',615,0,'E5',' ',42.26897529,-71.17183138,'VFW PKWY','2022-12-25 22:00:00'),('222099881',3115,0,'B2','289',42.33367922,-71.09187755,'SCHROEDER PLZ','2022-12-27 11:15:00'),('222099883',1106,0,'B2','326',42.31332153,-71.07591511,'QUINCY ST','2022-12-25 15:00:00'),('222099884',3115,0,'E13',' ',42.30971857,-71.10429432,'WASHINGTON ST','2022-12-26 17:00:00'),('222099885',3831,0,'E18',' ',42.26155978,-71.12037051,'HILTON ST','2022-12-27 12:34:00'),('222099886',619,0,'A1',' ',42.35512339,-71.06087980,'WASHINGTON ST','2022-12-27 12:08:00'),('222099891',3201,0,'E18',' ',42.25965676,-71.12319665,'HYDE PARK AVE','2022-12-27 12:22:00'),('222099896',3001,0,'C6',' ',42.33136268,-71.04168463,'E EIGHTH ST','2022-12-27 12:08:00'),('222099897',520,0,'A1','68',42.35969724,-71.06504653,'JOY ST','2022-12-27 12:23:00'),('222099898',3831,0,'D4','167',42.33954199,-71.06940877,'HARRISON AVE','2022-12-25 17:00:00'),('222099899',1402,0,'C11','823',42.31434180,-71.06050395,'WHITBY TER','2022-12-27 13:00:00'),('222099900',724,0,'C11','387',42.27184599,-71.06241396,'BEARSE AVE & BUTLER ST\nDORCHESTER  MA 02124\nUNITED','2022-12-23 11:30:00'),('222099905',3201,0,'D4','167',0.00000000,0.00000000,'HARRISON AVENUE','2022-12-27 13:54:00'),('222099906',3831,0,'D4',' ',42.33954199,-71.06940877,'HARRISON AVE','2022-12-25 15:15:00'),('222099907',3301,0,'B3',' ',42.28295732,-71.08361450,'CORBET ST','2022-12-27 13:32:00'),('222099908',1831,0,'B2','292',42.32832309,-71.09005616,'NORFOLK ST','2022-12-27 01:30:00'),('222099909',2670,0,'B2','281',42.32696801,-71.08051941,'GREENVILLE ST','2022-12-27 14:09:00'),('222099910',3115,0,'B2','329',42.30896999,-71.08284839,'BLUE HILL AVE','2022-12-27 13:51:00'),('222099912',2610,0,'E13','912',42.32214915,-71.10091019,'LAMARTINE ST','2022-12-27 14:10:00'),('222099913',3115,0,'D14','778',42.34905600,-71.15049850,'WASHINGTON ST','2022-12-27 12:30:00'),('222099915',3821,0,'C6','177',42.33210843,-71.07014395,'SOUTHAMPTON ST','2022-12-27 14:06:00'),('222099917',3201,0,'C11','355',42.29755533,-71.05970910,'GIBSON ST','2022-12-27 08:00:00'),('222099918',3802,0,'B2','279',42.32859702,-71.08274706,'DUDLEY ST & HARRISON AVE\nROXBURY  MA 02119\nUNITED ','2022-12-27 00:00:00'),('222099919',3115,0,'C6',' ',42.32557398,-71.05248130,'OLD COLONY AVE','2022-12-27 14:30:00'),('222099922',735,0,'D4','171',42.33349998,-71.07351000,'MASSACHUSETTS AVE & ALBANY ST\nBOSTON  MA 02118\nUNI','2022-12-27 14:35:00'),('222099924',3301,0,'B2','315',42.31326597,-71.08939897,'CRAWFORD ST & HUMBOLDT AVE\nROXBURY  MA 02121\nUNITE','2022-12-27 03:20:00'),('222099931',3201,0,'A1',' ',42.35142278,-71.06084508,'BEACH ST','2022-12-27 14:19:00'),('222099933',3803,0,'A7','11',42.39352862,-71.01158244,'WILLIAM F MCCLELLAN HWY','2022-12-27 14:39:00'),('222099934',301,0,'D4','171',42.33349998,-71.07351000,'ALBANY ST & MASSACHUSETTS AVE\nBOSTON  MA 02118\nUNI','2022-12-27 14:05:00'),('222099935',613,0,'B3','476',42.26994732,-71.09380308,'BLUE HILL AVE','2022-12-27 15:38:00'),('222099938',3119,0,'D14','778',42.34905600,-71.15049850,'WASHINGTON ST','2022-12-27 15:30:00'),('222099941',3207,0,'D14','778',42.34905600,-71.15049850,'WASHINGTON ST','2022-12-27 16:00:00'),('222099943',1402,0,'B2','292',0.00000000,0.00000000,'KENILWORTH STREET','2022-12-27 16:30:00'),('222099944',3820,0,'B3',' ',42.27134104,-71.10465203,'CUMMINS HWY & ITASCA ST\nMATTAPAN  MA 02126\nUNITED ','2022-12-27 16:07:00'),('222099945',615,0,'E5','691',42.28709355,-71.14822128,'CENTRE ST','2022-12-27 16:31:00'),('222099946',3114,0,'A1','61',42.36643546,-71.06135413,'LEGENDS WAY','2022-12-27 16:30:00'),('222099948',1831,0,'E5',' ',42.28852474,-71.14535125,'CHURCH ST','2022-12-27 16:36:00'),('222099949',3820,0,'C11',' ',42.28906501,-71.06703800,'TALBOT AVE & WELLES AVE\nDORCHESTER  MA 02124\nUNITE','2022-12-27 15:56:00'),('222099950',1832,0,'B2','325',42.31676691,-71.07714054,'DEWEY ST','2022-12-27 15:57:00'),('222099952',1831,0,'A7',' ',42.38026373,-71.02673167,'CHELSEA ST','2022-12-27 16:34:00'),('222099953',1831,0,'A7',' ',42.38031937,-71.02593214,'NEPTUNE RD','2022-12-27 16:33:00'),('222099954',1831,0,'E13',' ',42.32227567,-71.10150838,'WISE ST','2022-12-27 16:47:00'),('222099957',3115,0,'C6','914',0.00000000,0.00000000,'MCDONOUGH WAY','2022-12-27 16:45:00'),('222099958',613,0,'A1','112',42.35512339,-71.06087980,'WASHINGTON ST','2022-12-27 16:37:00'),('222099960',3114,0,'C6','915',42.33011606,-71.05072812,'COLUMBIA RD','2022-12-27 16:47:00'),('222099961',1831,0,'E18',' ',42.28196390,-71.11424049,'MOUNT HOPE ST','2022-12-27 17:01:00'),('222099962',2647,0,'D14','782',42.35458999,-71.14294359,'N BEACON ST','2022-12-27 16:19:00'),('222099963',724,0,'C6','914',42.32829858,-71.05691804,'DORCHESTER AVE','2022-12-27 14:36:00'),('222099964',3115,0,'E13',' ',42.33136931,-71.11185116,'S HUNTINGTON AVE','2022-12-27 16:53:00'),('222099965',3807,0,'A1',' ',42.36248002,-71.06170602,'HAWKINS ST & NEW CHARDON ST\nBOSTON  MA 02114\nUNITE','2022-12-27 17:26:00'),('222099966',3006,0,'A1','173',42.35196671,-71.05415459,'SUMMER ST','2022-12-27 17:05:00'),('222099967',1810,0,'A1',' ',42.35624902,-71.06227102,'WINTER ST & TREMONT ST\nBOSTON  MA 02111\nUNITED STA','2022-12-27 17:17:00'),('222099968',3803,0,'D4',' ',42.34058996,-71.08173998,'COLUMBUS AVE & MASSACHUSETTS AVE\nBOSTON  MA 02118\n','2022-12-27 17:29:00'),('222099969',2647,0,'B3','419',42.27938152,-71.07661753,'WILMINGTON AVE','2022-12-27 00:00:00'),('222099970',3006,0,'E5','721',42.27621405,-71.16651219,'SPRING ST','2022-12-27 16:22:00'),('222099971',2101,0,'C11','343',42.30252756,-71.07088862,'HOMES AVE','2022-12-27 17:23:00'),('222099973',3802,0,'C11',' ',42.27933677,-71.05148721,'HILL TOP ST','2022-12-27 17:11:00'),('222099974',1402,0,'E5',' ',42.29275744,-71.15964003,'AVALON RD','2022-12-27 17:38:00'),('222099978',1831,0,'A1',' ',42.35724324,-71.05849672,'WASHINGTON ST','2022-12-27 17:53:00'),('222099979',3821,0,'C6','192',0.00000000,0.00000000,'OLD COLONY AVENUE','2022-12-27 18:25:00'),('222099981',613,0,'D4',' ',42.34947586,-71.07640150,'SAINT JAMES AVE','2022-12-27 18:31:00'),('222099982',1300,0,'B2','325',42.31468252,-71.07527119,'HOWARD AVE','2022-12-27 19:05:00'),('222099984',3115,0,'C11',' ',42.29937505,-71.07194614,'GREENBRIER ST','2022-12-27 18:50:00'),('222099985',3114,0,'B2',' ',42.32866284,-71.08563401,'WASHINGTON ST','2022-12-27 07:30:00'),('222099986',3201,0,'D14',' ',42.35501072,-71.12887911,'PRATT ST','2022-12-27 19:13:00'),('222099987',613,0,'D4',' ',42.34862382,-71.08277637,'BOYLSTON ST','2022-12-27 18:00:00'),('222099988',1402,0,'A7','10',42.39149095,-71.00800649,'MONTMORENCI AVE','2022-12-27 19:00:00'),('222099990',1832,0,'B3',' ',42.30085931,-71.08128808,'FOWLER ST','2022-12-27 19:16:00'),('222099991',3115,0,'A7',' ',42.37862290,-71.02862110,'CHELSEA ST','2022-12-27 18:03:00'),('222099992',3108,0,'D14',' ',42.33991974,-71.15875710,'COMMONWEALTH AVE','2022-12-27 19:28:00'),('222099994',614,0,'B3','465',0.00000000,0.00000000,'BLUE HILL AVENUE','2022-12-27 16:00:00'),('222099997',3301,0,'D4','168',42.33845708,-71.07309843,'E NEWTON ST','2022-12-27 18:48:00'),('222099998',3301,0,'B3','433',0.00000000,0.00000000,'CORBET STREET','2022-12-27 19:48:00'),('222099999',3006,0,'B3','417',0.00000000,0.00000000,'STOCKTON STREET','2022-12-27 19:51:00'),('222100000',3115,0,'E13',' ',42.30516888,-71.10877689,'WASHINGTON ST','2022-12-27 20:13:00'),('222100002',301,0,'B2',' ',42.30603100,-71.07821505,'GENEVA AVE & COLUMBIA RD\nDORCHESTER  MA 02121\nUNIT','2022-12-27 19:26:00'),('222100003',619,0,'B2',' ',42.30936380,-71.08416777,'HARTWELL ST','2022-12-27 20:17:00'),('222100005',3501,0,'B2',' ',42.31350006,-71.07023652,'BIRD ST','2022-12-27 20:50:00'),('222100006',613,0,'A1','112',42.35512339,-71.06087980,'WASHINGTON ST','2022-12-27 19:45:00'),('222100008',801,0,'B2',' ',42.30660388,-71.08055038,'BISHOP JOE L SMITH WAY','2022-12-27 20:39:00'),('222100009',1831,0,'B3',' ',42.29203320,-71.09399300,'OSPREY WAY','2022-12-27 19:58:00'),('222100013',3115,0,'C11',' ',42.27273548,-71.06792410,'DORCHESTER AVE','2022-12-27 20:53:00'),('222100014',1810,0,'B2','268',42.33076942,-71.07766482,'ALBANY ST','2022-12-27 20:51:00'),('222100015',3402,0,'E5',' ',42.27953491,-71.15619212,'LAGRANGE ST','2022-12-27 20:44:00'),('222100016',3201,0,'C11',' ',42.31736053,-71.06084771,'BAKERSFIELD ST','2022-12-27 21:02:00'),('222100018',1831,0,'B2',' ',42.30591850,-71.07956586,'COLUMBIA RD','2022-12-27 20:32:00'),('222100021',724,0,'A1','77',42.36183857,-71.05976489,'NEW SUDBURY ST','2022-12-27 21:27:00'),('222100022',3301,0,'E18',' ',42.26950369,-71.10228582,'HARMON ST','2022-12-27 21:46:00'),('222100023',1831,0,'C11','366',42.29004265,-71.05725661,'TEMPLETON WAY','2022-12-27 21:45:00'),('222100028',3301,0,'B3',' ',42.27967051,-71.08887826,'NORFOLK ST','2022-12-27 21:32:00'),('222100029',801,0,'E18','520',42.25621592,-71.12401947,'HYDE PARK AVE','2022-12-27 21:00:00'),('222100030',301,0,'B3',' ',42.30082268,-71.08589873,'BLUE HILL AVE','2022-12-27 21:51:00'),('222100031',617,0,'E18',' ',42.27162486,-71.11915512,'CLARE AVE','2022-12-27 22:00:00'),('222100032',2905,0,'D4',' ',42.33322661,-71.08081884,'WASHINGTON ST','2022-12-27 22:37:00'),('222100033',614,0,'C11','366',42.29111533,-71.05843629,'LONSDALE ST','2022-12-27 20:45:00'),('222100035',1831,0,'E18','481',42.26761320,-71.09848676,'ROSEWOOD ST','2022-12-27 22:50:00'),('222100036',3114,0,'B2',' ',42.31632131,-71.08923050,'HOLWORTHY ST','2022-12-27 23:05:00'),('222100040',2907,0,'C11','340',42.30811099,-71.06458405,'BOWDOIN ST & PERCIVAL ST\nDORCHESTER  MA 02122\nUNIT','2022-12-27 23:06:00'),('222100041',3301,0,'D4','594',42.34201850,-71.08566213,'HUNTINGTON AVE','2022-12-27 23:15:00'),('222100042',2647,0,'C11',' ',42.28714820,-71.06493039,'TALBOT AVE','2022-12-27 23:17:00'),('222100043',801,0,'A1','127',0.00000000,0.00000000,'TREMONT STREET','2022-12-27 22:45:00'),('222100045',2101,0,'D14','804',42.35528211,-71.14566136,'N BEACON ST','2022-12-27 23:07:00'),('222100048',3410,0,'A7','19',42.37864819,-71.03089238,'SARATOGA ST','2022-12-28 00:05:00'),('222100050',1501,0,'C11',' ',42.30343398,-71.07154496,'BOWDOIN ST & GENEVA AVE\nDORCHESTER  MA 02121\nUNITE','2022-12-28 00:34:00'),('222100052',1501,1,'B2','259',42.31323117,-71.07179278,'BIRD ST','2022-12-28 01:02:00'),('222100054',2662,0,'B2',' ',42.31801549,-71.07391773,'HARTFORD ST','2022-12-28 01:03:00'),('222100055',3115,0,'A1',' ',42.36118000,-71.06286402,'BOWDOIN ST & CAMBRIDGE ST\nBOSTON  MA 02114\nUNITED ','2022-12-28 01:35:00'),('222100057',1831,0,'C11',' ',42.30176046,-71.06865428,'GENEVA AVE','2022-12-28 02:26:00'),('222100058',3115,0,'B2',' ',42.30896999,-71.08284839,'BLUE HILL AVE','2022-12-27 23:46:00'),('222100059',900,0,'B3','426',42.27064633,-71.09271881,'BABSON ST','2022-12-28 01:53:00'),('222100060',2905,0,'B2',' ',42.30603100,-71.07821505,'COLUMBIA RD & GENEVA AVE\nDORCHESTER  MA 02121\nUNIT','2022-12-28 00:37:00'),('222100061',3831,0,'B3','465',42.28482577,-71.09137369,'BLUE HILL AVE','2022-12-27 23:00:00'),('222100062',3201,0,'C6',' ',42.34128750,-71.05467933,'W BROADWAY','2022-12-27 21:00:00'),('222100069',3201,0,'E5','691',42.28709355,-71.14822128,'CENTRE ST','2022-12-28 07:30:00'),('222100070',3007,0,'E18',' ',42.26788791,-71.10067012,'FAIRLAWN AVE','2022-12-28 05:52:00'),('222100071',3201,0,'A1','77',0.00000000,0.00000000,'SUDBURY STREET','2022-12-28 08:01:00'),('222100072',3831,0,'C11','355',0.00000000,0.00000000,'GIBSON STREET','2022-12-27 07:55:00'),('222100074',3801,0,'C6',' ',42.32243702,-71.06101796,'BOSTON ST & SAINT MARGARET ST\nDORCHESTER  MA 02125','2022-12-28 07:34:00'),('222100075',3018,0,'E18',' ',42.24563351,-71.13329369,'KNIGHT ST','2022-12-28 08:32:00'),('222100078',614,0,'A7','21',42.37346135,-71.03356923,'BREMEN ST','2022-12-28 08:07:00'),('222100079',613,0,'E13','304',42.31771534,-71.09823049,'COLUMBUS AVE','2022-12-28 08:20:00'),('222100080',3410,0,'A7','35',42.36690003,-71.03741912,'WEBSTER ST','2022-12-28 09:12:00'),('222100081',3115,0,'D14','778',42.34905600,-71.15049850,'WASHINGTON ST','2022-12-24 21:30:00'),('222100082',3001,0,'D14',' ',42.33907761,-71.14612219,'LANARK RD','2022-12-28 08:54:00'),('222100084',3006,0,'A1',' ',42.36242886,-71.06054873,'BOWKER ST','2022-12-28 09:12:00'),('222100085',1102,0,'E5','822',0.00000000,0.00000000,'GEORGETOWNE DRIVE','2022-12-28 09:38:00'),('222100087',801,0,'B2','316',42.31396775,-71.09178832,'HAROLD ST','2022-12-28 09:21:00'),('222100088',2647,0,'D4',' ',42.35101360,-71.07293513,'BERKELEY ST','2022-12-28 08:21:00'),('222100089',3201,0,'D4',' ',42.33954199,-71.06940877,'HARRISON AVE','2022-12-28 09:41:00'),('222100090',617,0,'C11','395',0.00000000,0.00000000,'DORCHESTER AVENUE','2022-12-28 09:14:00'),('222100091',3410,0,'A1','87',42.36593396,-71.05282171,'HANOVER ST','2022-12-28 08:56:00'),('222100092',3001,0,'C11',' ',42.28265095,-71.06516011,'DORCHESTER AVE','2022-12-28 09:38:00'),('222100094',3201,0,'D14','778',42.34905600,-71.15049850,'WASHINGTON ST','2022-12-27 13:00:00'),('222100097',2670,0,'A1','77',0.00000000,0.00000000,'SUDBURY STREET','2022-12-28 10:28:00'),('222100098',3831,0,'C6','200',42.34128750,-71.05467933,'W BROADWAY','2022-12-26 11:00:00'),('222100100',3301,0,'C11','355',42.29755533,-71.05970910,'GIBSON ST','2022-12-28 10:30:00'),('222100101',1810,0,'D4',' ',42.33318449,-71.07393881,'ALBANY ST','2022-12-28 10:33:00'),('222100102',3201,0,'E18','520',42.25621592,-71.12401947,'HYDE PARK AVE','2022-12-24 00:00:00'),('222100105',3410,0,'D4','136',42.35256908,-71.07978844,'MARLBOROUGH ST','2022-12-28 10:50:00'),('222100106',619,0,'E13','574',42.30971857,-71.10429432,'WASHINGTON ST','2022-12-27 22:00:00'),('222100107',3115,0,'E5','558',42.28358229,-71.12614908,'SYCAMORE ST','2022-12-28 11:15:00'),('222100108',3301,0,'A15',' ',42.37794191,-71.05507320,'O\'BRIEN CT','2022-12-28 10:26:00'),('222100109',1831,0,'D14',' ',42.35468361,-71.13474620,'CAMBRIDGE ST','2022-12-28 10:58:00'),('222100112',614,0,'D4','168',42.33845028,-71.07210292,'SAINT GEORGE ST','2022-12-26 21:00:00'),('222100116',2647,0,'D4','285',42.33687002,-71.08478998,'BURKE ST & TREMONT ST\nBOSTON  MA 02120\nUNITED STAT','2022-12-28 11:00:00'),('222100117',617,0,'D4','143',42.34862382,-71.08277637,'BOYLSTON ST','2022-12-28 11:05:00'),('222100118',3115,0,'E13',' ',42.30971857,-71.10429432,'WASHINGTON ST','2022-12-23 10:05:00'),('222100119',3410,0,'B2',' ',42.32525338,-71.09670872,'MARCELLA ST','2022-12-28 10:46:00'),('222100120',3802,0,'E18',' ',42.25197460,-71.12873600,'BUSINESS ST','2022-12-28 11:36:00'),('222100121',2647,0,'C6',' ',42.32915850,-71.06596650,'NEWMARKET SQ','2022-12-28 05:50:00'),('222100122',3114,0,'C11','355',42.29755533,-71.05970910,'GIBSON ST','2022-12-28 11:50:00'),('222100124',3007,0,'C6',' ',42.33396714,-71.03436822,'E FIFTH ST','2022-12-28 09:30:00'),('222100125',3831,0,'D4',' ',42.34107714,-71.07239570,'SHAWMUT AVE','2022-12-26 21:00:00'),('222100127',613,0,'E13',' ',42.31771534,-71.09823049,'COLUMBUS AVE','2022-12-28 11:45:00'),('222100128',1810,0,'D4','172',42.33497998,-71.07143003,'ALBANY ST & E CONCORD ST\nBOSTON  MA 02118\nUNITED S','2022-12-28 00:00:00'),('222100130',615,0,'B3','465',42.28482577,-71.09137369,'BLUE HILL AVE','2022-12-27 17:00:00'),('222100131',613,0,'B3','476',42.26994732,-71.09380308,'BLUE HILL AVE','2022-12-28 11:54:00'),('222100134',1831,0,'A1',' ',42.35693030,-71.06005008,'PROVINCE ST','2022-12-28 11:23:00'),('222100135',1402,0,'E13',' ',42.30971857,-71.10429432,'WASHINGTON ST','2022-12-27 15:05:00'),('222100136',614,0,'B3','474',42.27251414,-71.10187100,'CANAAN ST','2022-12-28 11:53:00'),('222100137',3115,0,'B2','264',0.00000000,0.00000000,'BLUE HILL AVENUE','2022-12-28 11:33:00'),('222100139',617,0,'D4',' ',42.34063707,-71.07572281,'W NEWTON ST','2022-12-24 00:00:00'),('222100141',801,0,'E18',' ',42.25332979,-71.12467152,'HYDE PARK AVE','2022-12-28 11:20:00'),('222100143',3501,0,'E13',' ',42.30971857,-71.10429432,'WASHINGTON ST','2022-12-28 12:37:00'),('222100150',3001,0,'D14',' ',42.33806539,-71.14695080,'ENGLEWOOD AVE','2022-12-28 12:48:00'),('222100151',3831,0,'C11','355',42.29755533,-71.05970910,'GIBSON ST','2022-12-28 13:20:00'),('222100152',540,0,'B2',' ',42.32925905,-71.08482402,'WASHINGTON ST','2022-12-27 22:30:00'),('222100153',1831,0,'C11',' ',42.29919694,-71.06046974,'DORCHESTER AVE','2022-12-28 13:00:00'),('222100154',3801,0,'C11','236',42.31907798,-71.05721298,'EDISON GRN','2022-12-28 13:07:00'),('222100155',3115,0,'C6',' ',42.34128750,-71.05467933,'W BROADWAY','2022-12-28 13:44:00'),('222100156',423,0,'E5',' ',42.27505251,-71.17307606,'VFW PKWY','2022-12-28 13:43:00'),('222100157',619,0,'B3','465',42.28482577,-71.09137369,'BLUE HILL AVE','2022-12-28 13:48:00'),('222100159',2647,0,'A1','85',42.36490476,-71.05671873,'N MARGIN ST','2022-12-28 00:00:00'),('222100163',1001,0,'E5',' ',42.28709355,-71.14822128,'CENTRE ST','2022-12-28 14:11:00'),('222100165',3115,0,'E5',' ',42.25908200,-71.15958600,'WASHINGTON ST','2022-12-28 13:20:00'),('222100167',613,0,'A1',' ',42.35512339,-71.06087980,'WASHINGTON ST','2022-12-28 13:57:00'),('222100168',613,0,'A1',' ',42.35512339,-71.06087980,'WASHINGTON ST','2022-12-28 13:57:00'),('222100171',3115,0,'D14','794',42.34906578,-71.13414695,'COMMONWEALTH AVE','2022-12-28 13:47:00'),('222100172',1832,0,'B2','329',42.30938437,-71.08262277,'BLUE HILL AVE','2022-12-28 13:57:00'),('222100173',1107,0,'E13',' ',42.30971857,-71.10429432,'WASHINGTON ST','2022-12-28 14:30:00'),('222100174',301,0,'D4',' ',42.34131001,-71.07654997,'W NEWTON ST & TREMONT ST\nBOSTON  MA 02118\nUNITED S','2022-12-28 14:14:00'),('222100175',1831,0,'C11',' ',42.27342041,-71.07000030,'WASHINGTON ST','2022-12-28 14:29:00'),('222100177',3501,0,'E13',' ',42.32008772,-71.09841452,'COLUMBUS AVE','2022-12-28 14:55:00'),('222100179',3410,0,'B2',' ',42.30956305,-71.08990197,'BROOKLEDGE ST','2022-12-28 01:23:00'),('222100180',1831,0,'C11','352',42.30108481,-71.06390782,'DITSON ST','2022-12-28 13:27:00'),('222100182',2670,0,'B3','465',42.28482577,-71.09137369,'BLUE HILL AVE','2022-12-28 15:07:00'),('222100183',3106,0,'C11','242',42.31620551,-71.06122396,'BAKERSFIELD ST','2022-12-28 15:00:00'),('222100184',619,0,'B2','282',42.32866284,-71.08563401,'WASHINGTON ST','2022-12-28 00:00:00'),('222100185',3115,0,'B3','427',42.27913841,-71.08797090,'ASTORIA ST','2022-12-28 14:10:00'),('222100186',619,0,'E13','912',42.32469443,-71.10087902,'PARKER ST','2022-12-28 14:20:00'),('222100187',3001,0,'E5',' ',42.28872901,-71.12639115,'LEE HILL RD','2022-12-28 00:00:00'),('222100188',3831,0,'A7','28',42.37081805,-71.03929078,'PARIS ST','2022-12-25 08:59:00'),('222100190',735,0,'D14',' ',42.35283155,-71.13114273,'BRIGHTON AVE','2022-12-28 14:36:00'),('222100191',3207,0,'E5','691',42.28709355,-71.14822128,'CENTRE ST','2022-12-28 15:46:00'),('222100192',3205,0,'B3','465',42.28482577,-71.09137369,'BLUE HILL AVE','2022-12-28 13:20:00'),('222100195',3114,0,'A1','61',42.36643546,-71.06135413,'LEGENDS WAY','2022-12-28 15:09:00'),('222100196',1810,0,'A1',' ',42.35272947,-71.06256291,'WASHINGTON ST','2022-12-28 15:12:00'),('222100197',1810,0,'A1','105',42.35603279,-71.05919355,'FRANKLIN ST','2022-12-28 15:30:00'),('222100198',1810,0,'A1',' ',42.35637531,-71.06213513,'TREMONT ST','2022-12-28 12:10:00'),('222100199',1810,0,'B3',' ',0.00000000,0.00000000,'WHEATLAND AVENUE','2022-12-28 14:30:00'),('222100200',613,0,'A1',' ',42.36643546,-71.06135413,'LEGENDS WAY','2022-12-28 15:32:00'),('222100201',1001,0,'E5','691',42.28709355,-71.14822128,'CENTRE ST','2022-12-26 00:00:00'),('222100202',1831,0,'C11',' ',42.28410889,-71.05313344,'MINOT ST','2022-12-28 15:27:00'),('222100203',3831,0,'E13','574',42.30971857,-71.10429432,'WASHINGTON ST','2022-12-27 11:00:00'),('222100204',3801,0,'C11','347',42.30535998,-71.06147002,'ADAMS ST & LINDEN ST\nBOSTON  MA 02122\nUNITED STATE','2022-12-28 15:35:00'),('222100207',3115,0,'A7','28',42.37081805,-71.03929078,'PARIS ST','2022-12-26 13:13:00'),('222100208',1106,0,'C11','355',0.00000000,0.00000000,'GIBSON STREET','2022-12-28 00:00:00'),('222100213',2647,0,'C11','395',42.28439820,-71.06468373,'DORCHESTER AVE','2022-12-28 16:17:00'),('222100214',614,0,'C6',' ',42.33015646,-71.06298604,'ALLSTATE RD','2022-12-28 16:45:00'),('222100216',3830,0,'B3',' ',42.27043477,-71.10005783,'CUMMINS HWY','2022-12-28 16:27:00'),('222100218',1831,0,'B3',' ',42.28529234,-71.09121672,'BLUE HILL AVE','2022-12-28 16:19:00'),('222100219',3115,0,'A15','900',42.37915428,-71.06022431,'CARNEY CT','2022-12-28 00:00:00'),('222100220',3115,0,'D14',' ',42.34446622,-71.14136327,'MELVIN AVE','2022-12-28 16:36:00'),('222100221',1831,0,'B3','438',42.29026233,-71.07473856,'SOUTHERN AVE','2022-12-28 14:59:00'),('222100222',613,0,'A1','112',42.35512339,-71.06087980,'WASHINGTON ST','2022-12-28 00:00:00'),('222100223',3502,0,'B2','282',42.32866284,-71.08563401,'WASHINGTON ST','2022-12-28 17:08:00'),('222100225',3115,0,'E5',' ',42.28011260,-71.13637166,'CORNELL ST','2022-12-28 16:45:00'),('222100226',613,0,'D4',' ',42.34862382,-71.08277637,'BOYLSTON ST','2022-12-28 17:47:00'),('222100228',3114,0,'B2','282',42.32866284,-71.08563401,'WASHINGTON ST','2022-12-28 07:30:00'),('222100229',3201,0,'A1',' ',42.35678442,-71.06670844,'BEACON ST','2022-12-28 17:31:00'),('222100233',1831,0,'C11',' ',42.30421671,-71.05936906,'ELLET ST','2022-12-28 17:12:00'),('222100235',3115,0,'C11',' ',42.31493505,-71.05834852,'PEARL ST','2022-12-28 16:58:00'),('222100236',3114,0,'C11',' ',42.28536673,-71.05750386,'BEAUMONT ST','2022-12-28 17:11:00'),('222100238',1831,0,'D14',' ',42.35560329,-71.14692214,'N BEACON ST','2022-12-28 17:35:00'),('222100240',617,0,'E13','574',42.30971857,-71.10429432,'WASHINGTON ST','2022-12-23 17:41:00'),('222100241',3115,0,'D4',' ',42.33311189,-71.07276370,'MASSACHUSETTS AVE','2022-12-28 18:05:00'),('222100242',3201,0,'D4','143',42.34862382,-71.08277637,'BOYLSTON ST','2022-12-28 17:42:00'),('222100246',613,0,'D4',' ',42.34862382,-71.08277637,'BOYLSTON ST','2022-12-28 18:12:00'),('222100247',3803,0,'D4',' ',42.34653902,-71.06911401,'TREMONT ST & APPLETON ST\nBOSTON  MA 02116\nUNITED S','2022-12-28 18:08:00'),('222100249',3115,0,'E13','307',42.31451479,-71.09470820,'WALNUT PARK','2022-12-28 00:00:00'),('222100250',2905,0,'B2',' ',42.31748438,-71.07643045,'DACIA ST','2022-12-28 18:08:00'),('222100251',3301,0,'B2','266',42.32424069,-71.07761917,'WINTHROP ST','2022-12-28 18:20:00'),('222100254',3410,0,'A7',' ',42.37346135,-71.03356923,'BREMEN ST','2022-12-28 18:17:00'),('222100256',423,0,'A1',' ',42.35683318,-71.05842905,'MILK ST','2022-12-28 17:59:00'),('222100257',3801,0,'D14','795',42.35335148,-71.13780663,'CAMBRIDGE ST','2022-12-28 18:39:00'),('222100259',617,0,'E13','574',0.00000000,0.00000000,'WASHINGTON STREET','2022-12-24 19:46:00'),('222100260',3820,0,'B2','321',42.31011153,-71.08298990,'WARREN ST','2022-12-28 18:48:00'),('222100261',3830,0,'A15','60',0.00000000,0.00000000,'WARREN STREET','2022-12-28 18:56:00'),('222100262',3801,0,'A1','64',42.36280152,-71.06699034,'BLOSSOM ST','2022-12-28 18:43:00'),('222100263',3831,0,'D4','167',42.33954199,-71.06940877,'HARRISON AVE','2022-12-28 18:30:00'),('222100264',619,0,'C11',' ',42.29755533,-71.05970910,'GIBSON ST','2022-12-28 19:29:00'),('222100265',3207,0,'A1','111',42.35397632,-71.06207046,'WASHINGTON ST','2022-12-28 19:00:00'),('222100266',724,0,'D14','778',42.34905600,-71.15049850,'WASHINGTON ST','2022-12-28 16:10:00'),('222100269',3115,0,'E13',' ',42.30600097,-71.10794910,'WASHINGTON ST','2022-12-28 19:02:00'),('222100270',724,0,'D14','778',42.34905600,-71.15049850,'WASHINGTON ST','2022-12-28 18:00:00'),('222100271',2647,0,'D14','794',42.35320101,-71.13423392,'BRIGHTON AVE','2022-12-28 00:00:00'),('222100277',3801,0,'D14',' ',42.34831798,-71.13779403,'ALLSTON ST & COMMONWEALTH AVE\nBRIGHTON  MA 02135\nU','2022-12-28 19:37:00'),('222100279',3115,0,'C6','200',42.34128750,-71.05467933,'W BROADWAY','2022-12-28 00:00:00'),('222100280',617,0,'D4','167',0.00000000,0.00000000,'HARRISON AVENUE','2022-12-28 15:00:00'),('222100284',3201,0,'B2',' ',42.32874077,-71.08771559,'KENILWORTH ST','2022-12-28 19:30:00'),('222100285',619,0,'B2',' ',42.31086842,-71.07425854,'MAGNOLIA ST','2022-12-27 21:00:00'),('222100286',1831,0,'C11',' ',42.28950569,-71.05907320,'FLORIDA ST','2022-12-28 20:32:00'),('222100287',3402,0,'C11','356',42.29848866,-71.06313294,'GENEVA AVE','2022-12-28 20:30:00'),('222100288',2905,0,'C11','348',0.00000000,0.00000000,'DORCHESTER AVENUE','2022-12-28 20:27:00'),('222100290',3115,0,'E5',' ',42.28878014,-71.13438128,'SOUTH ST','2022-12-28 19:39:00'),('222100291',1831,0,'A7',' ',42.36780297,-71.03943328,'S BREMEN ST','2022-12-28 21:02:00'),('222100292',3410,0,'C6',' ',42.33216821,-71.05003555,'E EIGHTH ST','2022-12-28 20:41:00'),('222100294',3831,0,'B3',' ',42.28204037,-71.08342665,'CORBET ST','2022-12-28 21:26:00'),('222100295',3115,0,'D4','167',42.33954199,-71.06940877,'HARRISON AVE','2022-12-28 07:12:00'),('222100297',1831,0,'B2',' ',42.31949779,-71.09707352,'DIMOCK ST','2022-12-28 21:37:00'),('222100298',3108,0,'E5',' ',42.29608406,-71.11789251,'WASHINGTON ST','2022-12-28 21:25:00'),('222100301',3170,0,'A1',' ',42.35041180,-71.06896028,'STUART ST','2022-12-28 21:46:00'),('222100302',1001,0,'D4',' ',42.34496728,-71.06382224,'HARRISON AVE','2022-12-28 21:19:00'),('222100303',1831,0,'E18',' ',42.27582805,-71.12405976,'MAYNARD ST','2022-12-28 21:55:00'),('222100304',3301,0,'C11','341',42.30522240,-71.06749449,'NORTON ST','2022-12-28 21:45:00'),('222100305',3410,0,'C6','213',0.00000000,0.00000000,'DORCHESTER STREET','2022-12-28 21:01:00'),('222100307',3831,0,'B2',' ',42.32263156,-71.06979845,'MARSHFIELD ST','2022-12-28 22:08:00'),('222100308',3115,0,'D14','770',42.34911090,-71.15527344,'WASHINGTON ST','2022-12-28 21:45:00'),('222100311',2610,0,'D4',' ',42.34091586,-71.08771531,'HUNTINGTON AVE','2022-12-28 22:21:00'),('222100313',3106,0,'D4',' ',42.34615178,-71.07404347,'CHANDLER ST','2022-12-28 08:00:00'),('222100317',3114,0,'D14',' ',42.35011229,-71.17339720,'NONANTUM ST','2022-12-28 23:16:00'),('222100319',724,0,'D14',' ',42.34888559,-71.14007361,'COMMONWEALTH AVE','2022-12-28 21:00:00'),('222100320',1402,0,'A15','900',0.00000000,0.00000000,'POLK STREET','2022-12-25 20:00:00'),('222100321',3831,0,'E13','574',42.30971857,-71.10429432,'WASHINGTON ST','2022-12-28 23:30:00'),('222100324',2905,0,'B2',' ',42.31566997,-71.06641303,'COLUMBIA RD & HANCOCK ST\nDORCHESTER  MA 02125\nUNIT','2022-12-29 00:24:00'),('222100325',2647,0,'B2',' ',42.31224327,-71.07549901,'FAYSTON ST','2022-12-28 23:47:00'),('222100326',3114,0,'E18',' ',42.25940183,-71.11731570,'RIVER ST','2022-12-29 01:11:00'),('222100327',801,0,'B2','282',42.32866284,-71.08563401,'WASHINGTON ST','2022-12-28 23:30:00'),('222100328',3114,0,'A1',' ',42.35255981,-71.06043207,'ESSEX ST','2022-12-29 01:09:00'),('222100329',2905,0,'B2',' ',42.31460697,-71.06741197,'BIRD ST & COLUMBIA RD\nDORCHESTER  MA 02125\nUNITED ','2022-12-29 02:21:00'),('222100330',3115,0,'B2','264',42.31915303,-71.07775478,'BLUE HILL AVE','2022-12-29 00:38:00'),('222100331',3115,0,'A1','111',42.35237302,-71.06260905,'ESSEX ST & WASHINGTON ST\nBOSTON  MA 02116\nUNITED S','2022-12-29 02:27:00'),('222100334',801,0,'D4',' ',42.33428841,-71.07239518,'ALBANY ST','2022-12-29 02:29:00'),('222100336',3402,0,'D14','786',42.34308127,-71.14172267,'WASHINGTON ST','2022-12-28 22:00:00'),('222100339',615,0,'C11',' ',42.29258323,-71.04776198,'WILLIAM T MORRISSEY BLVD','2022-12-29 03:37:00'),('222100340',1831,0,'E18',' ',42.26476280,-71.14657354,'W BOUNDARY RD','2022-12-29 04:28:00'),('222100341',1832,0,'C6','175',42.33210843,-71.07014395,'SOUTHAMPTON ST','2022-12-29 04:42:00'),('222100344',1831,0,'A1','92',42.35972136,-71.05852360,'CITY HALL PLZ','2022-12-28 14:25:00'),('222100346',301,0,'D4','621',42.35064119,-71.08938693,'MASSACHUSETTS AVE','2022-12-29 07:30:00'),('222100347',3410,0,'D14','793',0.00000000,0.00000000,'BRAINERD ROAD','2022-12-29 08:28:00'),('222100348',1831,0,'A7',' ',42.37141060,-71.04245069,'BORDER ST','2022-12-29 08:41:00'),('222100349',540,0,'A1',' ',42.36444073,-71.05699892,'COOPER ST','2022-12-29 08:55:00'),('222100350',3410,0,'B3',' ',42.27938152,-71.07661753,'WILMINGTON AVE','2022-12-29 08:11:00'),('222100351',1402,0,'B3',' ',42.27986526,-71.08798275,'ELIZABETH ST','2022-12-29 08:47:00'),('222100352',3114,0,'E13',' ',42.30706128,-71.11105266,'CHILD ST','2022-12-29 08:58:00'),('222100353',619,0,'B2','282',42.32866284,-71.08563401,'WASHINGTON ST','2022-12-28 15:00:00'),('222100354',3410,0,'D4','154',0.00000000,0.00000000,'RUTLAND SQUARE','2022-12-29 08:45:00'),('222100355',724,0,'E5','691',42.28709355,-71.14822128,'CENTRE ST','2022-12-25 19:00:00'),('222100357',3114,0,'B3','428',42.28329074,-71.08916307,'MORTON ST','2022-12-29 09:38:00'),('222100358',3115,0,'C11','244',42.31792540,-71.05784812,'HOWES ST','2022-12-29 09:00:00'),('222100360',3501,0,'C11',' ',42.30723713,-71.07623392,'COLUMBIA RD','2022-12-29 08:04:00'),('222100362',801,0,'B2','317',42.31052866,-71.08671835,'ELM HILL AVE','2022-12-29 09:00:00'),('222100364',613,0,'A1',' ',42.35204640,-71.06992523,'BOYLSTON ST','2022-12-29 09:04:00'),('222100366',2610,0,'E18',' ',42.27531311,-71.11587798,'AMERICAN LEGION HWY','2022-12-29 10:16:00'),('222100367',619,0,'D4','150',42.34453911,-71.07358770,'WARREN AVE','2022-12-25 15:23:00'),('222100368',3831,0,'B2','282',42.32626442,-71.08451486,'SAINT JAMES ST','2022-12-28 22:00:00'),('222100369',1831,0,'B2',' ',42.31694068,-71.06719268,'VIRGINIA ST','2022-12-29 10:31:00'),('222100371',1402,0,'C11',' ',42.31959298,-71.06260700,'COLUMBIA RD','2022-12-29 10:56:00'),('222100375',3207,0,'A1',' ',0.00000000,0.00000000,'SUDBURY ST','2022-12-28 22:00:00'),('222100376',1832,0,'B3',' ',42.27141482,-71.08014338,'RIVER ST','2022-12-29 11:28:00'),('222100377',3115,0,'E5','691',42.28709355,-71.14822128,'CENTRE ST','2022-12-28 14:25:00'),('222100378',3112,0,'B3',' ',42.29686162,-71.08584183,'ABBOT ST','2022-12-29 11:10:00'),('222100379',3007,0,'E5',' ',42.26483265,-71.15567877,'ROCKINGHAM AVE','2022-12-29 11:51:00'),('222100383',3803,0,'B2','309',0.00000000,0.00000000,'WARREN STREET','2022-12-29 12:15:00'),('222100384',3503,0,'C6','177',0.00000000,0.00000000,'MASSACHUSETTS AVENUE','2022-12-29 09:53:00'),('222100385',3301,0,'B2',' ',42.31779130,-71.09334526,'DENNISON ST','2022-12-29 11:34:00'),('222100386',3501,0,'B2',' ',42.31081602,-71.07814879,'INTERVALE ST','2022-12-29 11:16:00'),('222100387',617,0,'A1','117',42.35234140,-71.06296987,'BOYLSTON ST','2022-12-28 16:54:00'),('222100388',1831,0,'D4',' ',42.34939238,-71.07457981,'CLARENDON ST','2022-12-29 12:03:00'),('222100391',3410,0,'C11',' ',42.29807739,-71.05695195,'ADAMS ST','2022-12-29 12:07:00'),('222100392',2905,0,'D4','150',42.34584796,-71.07523800,'COLUMBUS AVE & DARTMOUTH ST\nBOSTON  MA 02116\nUNITE','2022-12-29 11:55:00'),('222100394',3108,0,'B2',' ',42.32729205,-71.09159029,'DORR ST','2022-12-29 12:37:00'),('222100395',3831,0,'A1',' ',42.34780402,-71.06421805,'WASHINGTON ST & PINE ST\nBOSTON  MA 02111\nUNITED ST','2022-12-29 12:08:00'),('222100397',3115,0,'B2','282',42.32866284,-71.08563401,'WASHINGTON ST','2022-12-26 11:00:00'),('222100399',3114,0,'C6',' ',0.00000000,0.00000000,'COLUMBIA ROAD','2022-12-29 12:18:00'),('222100402',3115,0,'E18','520',42.25621592,-71.12401947,'HYDE PARK AVE','2022-12-29 12:55:00'),('222100404',1402,0,'B2',' ',42.31993295,-71.08157395,'WARREN ST','2022-12-29 12:07:00'),('222100405',3115,0,'A7','28',0.00000000,0.00000000,'PARIS STREET','2022-12-27 00:00:00'),('222100406',3114,0,'A1',' ',0.00000000,0.00000000,'SUDBURY ST','2022-12-29 13:11:00'),('222100407',3201,0,'E13','574',0.00000000,0.00000000,'WASHINGTON STREET','2022-12-25 19:50:00'),('222100408',1810,0,'A1',' ',42.35972136,-71.05852360,'CITY HALL PLZ','2022-12-29 13:12:00'),('222100410',619,0,'C6',' ',42.33624600,-71.05387601,'W SEVENTH ST & D ST\nSOUTH BOSTON  MA 02127\nUNITED ','2022-12-29 12:40:00'),('222100411',619,0,'B2','282',42.32866284,-71.08563401,'WASHINGTON ST','2022-12-28 06:30:00'),('222100412',3301,0,'B2','330',42.30433950,-71.08477887,'BLUE HILL AVE','2022-12-29 12:36:00'),('222100413',3831,0,'C11','355',42.29755533,-71.05970910,'GIBSON ST','2022-12-29 12:05:00'),('222100416',3402,0,'A15','900',0.00000000,0.00000000,'MEDFORD STREET','2022-12-29 12:30:00'),('222100417',1831,0,'B3','476',42.26894762,-71.09608344,'CUMMINS HWY','2022-12-29 12:38:00'),('222100419',3807,0,'B2',' ',42.32772382,-71.09252733,'HIGHLAND ST','2022-12-29 12:37:00'),('222100420',2660,0,'B2',' ',42.32729205,-71.09159029,'DORR ST','2022-12-29 12:37:00'),('222100421',617,0,'D4','618',42.34239114,-71.08872018,'GAINSBOROUGH ST','2022-12-29 00:00:00'),('222100424',3801,0,'D14','792',42.34819899,-71.13941863,'KELTON ST','2022-12-28 17:00:00'),('222100425',3115,0,'D4',' ',42.33981270,-71.07065622,'HARRISON ARCHWAYS','2022-12-29 12:34:00'),('222100426',3115,0,'D4','162',42.34491580,-71.06169938,'ALBANY ST','2022-12-29 12:28:00'),('222100427',3115,0,'B3',' ',42.28790493,-71.09507426,'W MAIN ST','2022-12-29 13:54:00'),('222100428',2905,0,'B3','451',42.29507825,-71.07470354,'PARK ST','2022-12-29 12:34:00'),('222100429',2905,0,'C11','334',42.31039358,-71.06399382,'CAMERON ST','2022-12-29 13:51:00'),('222100430',1810,0,'B2',' ',42.32866284,-71.08563401,'WASHINGTON ST','2022-12-29 14:03:00'),('222100431',1402,0,'B3','465',42.28482577,-71.09137369,'BLUE HILL AVE','2022-12-25 20:00:00'),('222100432',3115,0,'D14',' ',42.34669542,-71.16848514,'KENRICK ST','2022-12-29 13:43:00'),('222100433',3115,0,'E18',' ',42.24361883,-71.11989255,'GARFIELD AVE','2022-12-29 13:31:00'),('222100434',724,0,'A15','41',42.37663167,-71.05593195,'VINE ST','2022-12-28 12:00:00'),('222100435',1810,0,'A1',' ',42.35272947,-71.06256291,'WASHINGTON ST','2022-12-29 14:00:00'),('222100437',3115,0,'A1','104',0.00000000,0.00000000,'MILK STREET','2022-12-29 00:00:00'),('222100438',520,0,'B2',' ',42.33056977,-71.09959089,'ALLEGHANY ST','2022-12-29 13:07:00'),('222100439',3115,0,'A1','117',42.35103105,-71.06373331,'STUART ST','2022-12-29 02:18:00'),('222100440',3501,0,'C11','244',42.31699120,-71.05930328,'PLEASANT ST','2022-12-29 13:59:00'),('222100441',3801,0,'E5','559',42.28390244,-71.13086263,'WASHINGTON ST','2022-12-29 13:19:00'),('222100443',3201,0,'A1','77',0.00000000,0.00000000,'SUDBURY ST','2022-12-23 00:00:00'),('222100444',3402,0,'C11',' ',42.30044414,-71.06768020,'IOWA ST','2022-12-29 14:27:00'),('222100445',617,0,'E13','574',42.30971857,-71.10429432,'WASHINGTON ST','2022-12-28 12:00:00'),('222100446',3802,0,'D4',' ',42.33348904,-71.08064195,'WASHINGTON ST & BALL ST\nROXBURY  MA 02118\nUNITED S','2022-12-29 14:56:00'),('222100447',3114,0,'E13','574',42.30971857,-71.10429432,'WASHINGTON ST','2022-12-29 15:08:00'),('222100448',619,0,'E5',' ',42.28709355,-71.14822128,'CENTRE ST','2022-12-29 15:08:00'),('222100449',423,0,'E13','574',42.30971857,-71.10429432,'WASHINGTON ST','2022-12-29 14:35:00'),('222100451',727,0,'C11','355',42.29755533,-71.05970910,'GIBSON ST','2022-12-28 02:00:00'),('222100454',3115,0,'B3','457',0.00000000,0.00000000,'MCLELLAN STREET','2022-12-29 03:30:00'),('222100455',613,0,'A1',' ',42.35512339,-71.06087980,'WASHINGTON ST','2022-12-29 14:43:00'),('222100457',801,0,'A1',' ',42.36064470,-71.07086192,'CHARLES ST','2022-12-29 15:06:00'),('222100458',3201,0,'B3','465',42.28482577,-71.09137369,'BLUE HILL AVE','2022-12-28 13:00:00'),('222100460',3502,0,'A1','70',42.35645514,-71.06956975,'CHARLES ST','2022-12-29 14:06:00'),('222100464',3006,0,'E5',' ',42.27800645,-71.13733723,'WASHINGTON ST','2022-12-29 14:47:00'),('222100465',1109,0,'D14','778',42.34905600,-71.15049850,'WASHINGTON ST','2022-12-29 14:30:00'),('222100467',3115,0,'E18','525',42.24124926,-71.12629908,'TRUMAN PKWY','2022-12-29 15:43:00'),('222100468',3108,0,'B3',' ',42.27685614,-71.09359685,'BLUE HILL AVE','2022-12-29 15:52:00'),('222100469',3801,0,'B2',' ',42.31637401,-71.08290696,'WARREN ST & TOWNSEND ST\nROXBURY  MA 02119\nUNITED S','2022-12-28 23:26:00'),('222100471',3115,0,'E5',' ',42.27880822,-71.12900551,'METROPOLITAN AVE','2022-12-29 16:09:00'),('222100473',727,0,'C11','355',42.29755533,-71.05970910,'GIBSON ST','2022-12-29 16:39:00'),('222100474',3006,0,'A15',' ',42.38020475,-71.05741400,'OLD IRONSIDES WAY','2022-12-29 16:23:00'),('222100476',613,0,'E13',' ',42.31771534,-71.09823049,'COLUMBUS AVE','2022-12-29 15:54:00'),('222100478',301,0,'B3',' ',42.26820198,-71.09367344,'BLUE HILL AVE','2022-12-29 16:47:00'),('222100480',1831,0,'E13',' ',42.31459402,-71.09948295,'WASHINGTON ST & SCHOOL ST\nJAMAICA PLAIN  MA 02130\n','2022-12-29 16:46:00'),('222100482',801,0,'C6',' ',42.33657099,-71.03232895,'M ST/E BROADWAY','2022-12-29 17:01:00'),('222100483',706,0,'D4','167',42.33954199,-71.06940877,'HARRISON AVE','2022-12-28 10:30:00'),('222100484',613,0,'D4',' ',42.34862382,-71.08277637,'BOYLSTON ST','2022-12-29 17:21:00'),('222100485',3301,0,'B3',' ',42.29702742,-71.07576538,'SCHOOL ST','2022-12-29 17:25:00'),('222100487',1831,0,'D14','775',42.34252336,-71.15124869,'WALLINGFORD RD','2022-12-29 17:06:00'),('222100490',3402,0,'B3',' ',42.29611583,-71.09121958,'SHANDON RD','2022-12-29 16:40:00'),('222100491',619,0,'A1',' ',42.35917307,-71.05921648,'COURT ST','2022-12-29 16:33:00'),('222100492',619,0,'C11','355',42.29755533,-71.05970910,'GIBSON ST','2022-12-29 00:00:00'),('222100493',1831,0,'B2',' ',42.33174820,-71.08365659,'RUGGLES ST','2022-12-29 17:27:00'),('222100494',3114,0,'E5','673',42.29278885,-71.13508590,'KNOLL ST','2022-12-29 01:19:00'),('222100495',1831,0,'C11',' ',42.28368807,-71.06587898,'FULLER ST','2022-12-29 17:58:00'),('222100497',2905,0,'B3',' ',42.29453954,-71.08669890,'TALBOT AVE','2022-12-29 18:02:00'),('222100498',1402,0,'E5',' ',42.25845301,-71.14489226,'GEORGETOWNE DR','2022-12-27 12:30:00'),('222100499',1831,0,'E13','303',42.31854554,-71.09866300,'BRAGDON ST','2022-12-29 00:00:00'),('222100500',2647,0,'C6',' ',42.33519916,-71.03865308,'EMERSON ST','2022-12-29 17:20:00'),('222100502',3006,0,'E18',' ',42.27298632,-71.10994946,'WOOD AVE','2022-12-29 18:32:00'),('222100503',619,0,'C11','462',42.30116123,-71.07284279,'ROSSETER ST','2022-12-29 00:00:00'),('222100504',3207,0,'D4','153',42.34252789,-71.07678918,'PEMBROKE ST','2022-12-29 19:03:00'),('222100507',3831,0,'C11','355',42.29755533,-71.05970910,'GIBSON ST','2022-12-29 00:00:00'),('222100509',3114,0,'B2','267',42.32747840,-71.07879693,'FOREST ST','2022-12-29 00:00:00'),('222100511',530,0,'D4','167',42.33954199,-71.06940877,'HARRISON AVE','2022-12-29 11:00:00'),('222100512',2670,0,'E18',' ',42.24891703,-71.12588341,'WILTON ST','2022-12-29 19:04:00'),('222100513',3114,0,'A7',' ',42.37784577,-71.03303550,'SARATOGA ST','2022-12-29 19:00:00'),('222100514',617,0,'C6','201',42.34135576,-71.05190882,'BOLTON ST','2022-12-29 17:00:00'),('222100516',613,0,'B2','239',42.31735472,-71.06582970,'DUDLEY ST','2022-12-29 19:22:00'),('222100517',3110,0,'D4',' ',42.34771287,-71.07374933,'CLARENDON ST','2022-12-29 18:00:00'),('222100518',801,0,'B2',' ',42.33700200,-71.09714001,'HUNTINGTON AVE','2022-12-29 19:25:00'),('222100519',3831,0,'C11','355',42.29755533,-71.05970910,'GIBSON ST','2022-12-29 00:00:00'),('222100520',617,0,'B3',' ',42.28702168,-71.08754608,'IRMA ST','2022-12-29 19:42:00'),('222100522',617,0,'B3',' ',42.27527670,-71.09554245,'ALMONT ST','2022-12-29 20:04:00'),('222100523',3001,0,'B2',' ',42.30870132,-71.07932755,'STANWOOD ST','2022-12-29 20:01:00'),('222100524',1402,0,'D4',' ',42.33824133,-71.09398473,'HUNTINGTON AVE','2022-12-29 19:44:00'),('222100525',3115,0,'D14',' ',42.35199203,-71.12223341,'COMMONWEALTH AVE','2022-12-29 19:44:00'),('222100526',1831,0,'D4',' ',42.34730980,-71.07915167,'HUNTINGTON AVE','2022-12-29 19:59:00'),('222100527',1831,0,'A1',' ',42.36643546,-71.06135413,'LEGENDS WAY','2022-12-29 20:29:00'),('222100529',3625,0,'B3',' ',42.29557336,-71.07584328,'THANE ST','2022-12-29 19:53:00'),('222100530',3820,0,'C6',' ',42.34154296,-71.05706199,'W FOURTH ST & DORCHESTER AVE\nSOUTH BOSTON  MA 0212','2022-12-29 18:28:00'),('222100531',423,0,'B2','920',42.30801734,-71.08870712,'ELM HILL AVE','2022-12-29 19:31:00'),('222100538',423,0,'C6',' ',0.00000000,0.00000000,'DISTRICT AVE','2022-12-29 21:14:00'),('222100540',3802,0,'B2',' ',42.32326640,-71.09841607,'COLUMBUS AVE','2022-12-29 19:50:00'),('222100543',3205,0,'B3','465',42.28482577,-71.09137369,'BLUE HILL AVE','2022-12-29 00:00:00'),('222100545',3802,0,'A15','51',42.38410001,-71.07299203,'MAIN ST & SULLIVAN SQ\nCHARLESTOWN  MA 02129\nUNITED','2022-12-29 21:00:00'),('222100547',3114,0,'C11',' ',42.31216510,-71.05472611,'SAVIN HILL AVE','2022-12-29 21:29:00'),('222100548',801,0,'C11',' ',42.30029712,-71.05902229,'ADAMS ST','2022-12-29 21:16:00'),('222100549',3115,0,'C11',' ',42.31290648,-71.05762325,'SAVIN HILL AVE','2022-12-29 21:10:00'),('222100550',1831,0,'D14',' ',42.34266946,-71.14098779,'WASHINGTON ST','2022-12-29 21:20:00'),('222100551',613,0,'A1',' ',42.35512339,-71.06087980,'WASHINGTON ST','2022-12-29 21:09:00'),('222100553',2907,0,'B2','240',42.31959298,-71.06260700,'COLUMBIA RD','2022-12-29 22:00:00'),('222100556',3006,0,'D4','143',42.34862382,-71.08277637,'BOYLSTON ST','2022-12-29 22:16:00'),('222100557',3115,0,'D4','130',42.34854636,-71.07416609,'CLARENDON ST','2022-12-29 22:08:00'),('222100560',1831,0,'B2',' ',42.31635508,-71.06593853,'COLUMBIA RD','2022-12-29 22:38:00'),('222100562',1501,0,'C11',' ',42.29451037,-71.07197241,'WASHINGTON ST','2022-12-29 23:02:00'),('222100563',3802,0,'C6',' ',42.33557997,-71.05466895,'D ST & W EIGHTH ST\nSOUTH BOSTON  MA 02127\nUNITED S','2022-12-29 22:48:00'),('222100564',801,0,'A1','68',42.36038173,-71.06285768,'BOWDOIN ST','2022-12-29 22:40:00'),('222100566',3501,0,'C6','913',42.31980217,-71.04228306,'WESTWIND RD','2022-12-29 23:23:00'),('222100568',1831,0,'A1',' ',42.34976402,-71.06045076,'HUDSON ST','2022-12-29 22:27:00'),('222100569',3115,0,'C6',' ',42.34060608,-71.05362687,'W BROADWAY','2022-12-29 23:15:00'),('222100573',530,0,'A1',' ',42.35979037,-71.07078234,'CHARLES ST','2022-12-29 23:49:00'),('222100574',619,0,'A1',' ',42.35219263,-71.05758905,'ESSEX ST','2022-12-29 23:04:00');
/*!40000 ALTER TABLE `incidents` ENABLE KEYS */;
UNLOCK TABLES;
select * from incidents;
--
-- Table structure for table `neighbourhood`
--

DROP TABLE IF EXISTS `neighbourhood`;
/*!40101 SET @saved_cs_client     = @@character_set_client */;
/*!50503 SET character_set_client = utf8mb4 */;
CREATE TABLE `neighbourhood` (
  `n_name` varchar(50) NOT NULL,
  `district_code` varchar(10) NOT NULL,
  PRIMARY KEY (`district_code`,`n_name`),
  CONSTRAINT `neighbourhood_ibfk_1` FOREIGN KEY (`district_code`) REFERENCES `district` (`district_code`)
) ENGINE=InnoDB DEFAULT CHARSET=utf8mb4 COLLATE=utf8mb4_0900_ai_ci;
/*!40101 SET character_set_client = @saved_cs_client */;

--
-- Dumping data for table `neighbourhood`
--

LOCK TABLES `neighbourhood` WRITE;
/*!40000 ALTER TABLE `neighbourhood` DISABLE KEYS */;
INSERT INTO `neighbourhood` VALUES ('Beacon Hill','A1'),('Boston Commons','A1'),('China Town','A1'),('Downtown Boston','A1'),('North End','A1'),('Theater District','A1'),('Waterfront','A1'),('West End','A1'),('Charlestown','A15'),('East Boston','A7'),('Roxbury','B2'),('Mattapan','B3'),('Dorchester','C11'),('South Boston','C6'),('Allston','D14'),('Brighton','D14'),('South End','D4'),('Jamaica Plain','E13'),('Hyde Park','E18'),('Roslindale','E5'),('West Roxbury','E5'),('Outside Boston','External');
/*!40000 ALTER TABLE `neighbourhood` ENABLE KEYS */;
UNLOCK TABLES;

--
-- Table structure for table `offense_code`
--

DROP TABLE IF EXISTS `offense_code`;
/*!40101 SET @saved_cs_client     = @@character_set_client */;
/*!50503 SET character_set_client = utf8mb4 */;
CREATE TABLE `offense_code` (
  `o_code` int NOT NULL,
  `description` varchar(200) NOT NULL,
  PRIMARY KEY (`o_code`)
) ENGINE=InnoDB DEFAULT CHARSET=utf8mb4 COLLATE=utf8mb4_0900_ai_ci;
/*!40101 SET character_set_client = @saved_cs_client */;

--
-- Dumping data for table `offense_code`
--

LOCK TABLES `offense_code` WRITE;
/*!40000 ALTER TABLE `offense_code` DISABLE KEYS */;
INSERT INTO `offense_code` VALUES (111,'MURDER, NON-NEGLIGIENT MANSLAUGHTER'),(112,'KILLING OF FELON BY POLICE'),(113,'KILLING OF FELON BY CITIZEN'),(114,'KILLING OF POLICE BY FELON'),(121,'MANSLAUGHTER - VEHICLE - NEGLIGENCE'),(122,'MANSLAUGHTER - TRAIN ETC. VICTIM NON-NEGLIGENCE'),(123,'MANSLAUGHTER - NON-VEHICLE - NEGLIGENCE'),(124,'MANSLAUGHTER - VEHICLE - NEGLIGENCE OF VICTIM'),(125,'MANSLAUGHTER - TRAIN ETC. VICTIM NEGLIGENCE'),(211,'RAPE - FEMALE - FORCE'),(212,'RAPE - MALE - FORCE'),(213,'RAPE - FEMALE/MALE - FORCE - UNNATURAL ACT'),(222,'RAPE - FEMALE ATTEMPT FORCE'),(223,'RAPE - MALE - ATTEMPT FORCE'),(224,'RAPE - FEMALE/MALE - ATTEMPT FORCE - UNNATURAL ACT'),(230,'RAPE - FEMALE - ATTEMPT FORCE - UNDER 16'),(231,'RAPE - MALE - ATTEMPT FORCE - UNDER 16'),(232,'RAPE - FEMALE FORCE - UNDER 16'),(233,'RAPE - FEMALE - FORCE UNDER 16 DSS/DA REFFERRAL'),(234,'RAPE - MALE - FORCE - UNDER 16'),(235,'RAPE - MALE - FORCE - UNDER 16 DSS/DA REFERRAL'),(236,'RAPE - FEMALE - DRUGGING'),(237,'RAPE - MALE - DRUGGING'),(241,'RAPE - ATTEMPT - FORCIBLE'),(242,'RAPE - ATTEMPT - SODOMY'),(243,'RAPE - ATTEMPT - SEXUAL ASSAULT W/ OBJECT'),(244,'RAPE - ATTEMPT - FONDLING'),(251,'RAPE - COMPLETE - FORCIBLE'),(252,'RAPE - COMPLETE - SODOMY'),(253,'RAPE - COMPLETE - SEXUAL ASSAULT W/ OBJECT'),(254,'RAPE - COMPLETE - FONDLING'),(261,'RAPE - ATTEMPT - OTHER'),(271,'RAPE - COMPLETE - OTHER'),(301,'ROBBERY - STREET'),(302,'ROBBERY - FIREARM - BUSINESS'),(303,'ROBBERY - FIREARM - CHAIN STORE'),(304,'ROBBERY - FIREARM - GAS STATION'),(305,'ROBBERY - FIREARM  - MISCELLANEOUS'),(306,'ROBBERY - FIREARM - RESIDENCE'),(307,'ROBBERY - FIREARM - STREET'),(308,'ROBBERY - FIREARM - TAXI'),(309,'ROBBERY - KNIFE - BANK'),(310,'ROBBERY - KNIFE - BUSINESS'),(311,'ROBBERY - COMMERCIAL'),(312,'ROBBERY - KNIFE - GAS STATION'),(313,'ROBBERY - KNIFE - MISCELLANEOUS'),(314,'ROBBERY - KNIFE- RESIDENCE'),(315,'ROBBERY - KNIFE - STREET'),(316,'ROBBERY - KNIFE - TAXI'),(317,'ROBBERY - OTHER WEAPON - BANK'),(318,'ROBBERY - OTHER WEAPON - BUSINESS'),(319,'ROBBERY - OTHER WEAPON - CHAIN STORE'),(320,'ROBBERY - OTHER WEAPON - GAS STATION'),(321,'ROBBERY - OTHER WEAPON - MISCELLANEOUS'),(322,'ROBBERY - OTHER WEAPON - RESIDENCE'),(323,'ROBBERY - OTHER WEAPON - STREET'),(324,'ROBBERY - OTHER WEAPON - TAXI'),(333,'ROBBERY - UNARMED - BANK'),(334,'ROBBERY - UNARMED - BUSINESS'),(335,'ROBBERY - UNARMED - CHAIN STORE'),(336,'ROBBERY - UNARMED - GAS STATION'),(337,'ROBBERY - UNARMED - MISCELLANEOUS'),(338,'ROBBERY - UNARMED - RESIDENCE'),(339,'ROBBERY - UNARMED - STREET'),(340,'ROBBERY - UNARMED - TAXI'),(341,'ROBBERY ATTEMPT - FIREARM - BANK'),(342,'ROBBERY ATTEMPT - FIREARM - BUSINESS'),(343,'ROBBERY ATTEMPT - FIREARM - CHAIN STORE'),(344,'ROBBERY ATTEMPT - FIREARM - GAS STATION'),(345,'ROBBERY ATTEMPT - FIREARM - MISCELLANEOUS'),(346,'ROBBERY ATTEMPT - FIREARM - RESIDENCE'),(347,'ROBBERY ATTEMPT - FIREARM - STREET'),(348,'ROBBERY ATTEMPT - FIREARM - TAXI'),(349,'ROBBERY ATTEMPT - KNIFE - BANK'),(350,'ROBBERY ATTEMPT - KNIFE - BUSINESS'),(351,'ROBBERY - BANK'),(352,'ROBBERY ATTEMPT - KNIFE - GAS STATION'),(353,'ROBBERY ATTEMPT - KNIFE - MISCELLANEOUS'),(354,'ROBBERY ATTEMPT - KNIFE - RESIDENCE'),(355,'ROBBERY ATTEMPT - KNIFE - STREET'),(356,'ROBBERY ATTEMPT - KNIFE - TAXI'),(357,'ROBBERY ATTEMPT - OTHER WEAPON - BANK'),(358,'ROBBERY ATTEMPT - OTHER WEAPON - BUSINESS'),(359,'ROBBERY ATTEMPT - OTHER WEAPON - CHAIN STORE'),(360,'ROBBERY ATTEMPT - OTHER WEAPON - GAS STATION'),(361,'ROBBERY - OTHER'),(362,'ROBBERY ATTEMPT - OTHER WEAPON - RESIDENCE'),(363,'ROBBERY ATTEMPT - OTHER WEAPON - STREET'),(364,'ROBBERY ATTEMPT - OTHER WEAPON - TAXI'),(371,'ROBBERY - HOME INVASION'),(373,'ROBERRY ATTEMPT - UNARMED - BANK'),(374,'ROBERRY ATTEMPT - UNARMED - BUSINESS'),(375,'ROBERRY ATTEMPT - UNARMED - CHAIN STORE'),(376,'ROBERRY ATTEMPT - UNARMED - GAS STATION'),(377,'ROBERRY ATTEMPT - UNARMED - MISCELLANEOUS'),(378,'ROBERRY ATTEMPT - UNARMED - RESIDENCE'),(379,'ROBERRY ATTEMPT - UNARMED - STREET'),(380,'ROBERRY ATTEMPT - UNARMED - TAXI'),(381,'ROBBERY - CAR JACKING'),(401,'ASSAULT & BATTERY D/W - GUN'),(402,'ASSAULT & BATTERY D/W - KNIFE'),(403,'ASSAULT & BATTERY D/W - OTHER'),(404,'A&B HANDS, FEET, ETC.  - MED. ATTENTION REQ.'),(411,'ASSAULT D/W - GUN'),(412,'ASSAULT D/W - KNIFE'),(413,'ASSAULT - AGGRAVATED - BATTERY'),(421,'ASSAULT & BATTERY D/W - GUN ON POLICE OFFICER'),(422,'ASSAULT & BATTERY D/W - KNIFE ON POLICE OFFICER'),(423,'ASSAULT - AGGRAVATED'),(424,'A&B HANDS, FEET, ETC. - PO MED. ATTENTION REQ. '),(431,'ASSAULT D/W - GUN ON POLICE OFFICER'),(432,'ASSAULT D/W - KNIFE ON POLICE OFFICER'),(433,'ASSAULT D/W - OTHER ON POLICE OFFICER'),(510,'B&E RESIDENCE NIGHT - FORCE'),(511,'B&E RESIDENCE NIGHT - ATTEMPT FORCE'),(512,'B&E RESIDENCE NIGHT - NO FORCE'),(517,'B&E RESIDENCE NIGHT - NO PROP TAKEN'),(520,'BURGLARY - RESIDENTIAL - FORCE'),(521,'BURGLARY - RESIDENTIAL - ATTEMPT'),(522,'BURGLARY - RESIDENTIAL - NO FORCE'),(527,'B&E RESIDENCE DAY - NO PROP TAKEN'),(530,'B&E NON-RESIDENCE NIGHT - FORCE'),(531,'B&E NON-RESIDENCE NIGHT - ATTEMPT FORCE'),(532,'B&E NON-RESIDENCE NIGHT - NO FORCE'),(537,'B&E NON-RESIDENCE NIGHT - NO PROP TAKEN'),(540,'BURGLARY - COMMERICAL - FORCE'),(541,'BURGLARY - COMMERICAL - ATTEMPT'),(542,'BURGLARY - COMMERICAL - NO FORCE'),(543,'B&E NON-RESIDENCE DAY - NO PROP TAKEN'),(547,'B&E NON-RESIDENCE DAY - NO PROP TAKEN'),(560,'BURGLARY - OTHER - FORCE'),(561,'BURGLARY - OTHER - ATTEMPT'),(562,'BURGLARY - OTHER - NO FORCE'),(611,'LARCENY PICK-POCKET'),(612,'LARCENY PURSE SNATCH - NO FORCE '),(613,'LARCENY SHOPLIFTING'),(614,'LARCENY THEFT FROM MV - NON-ACCESSORY'),(615,'LARCENY THEFT OF MV PARTS & ACCESSORIES'),(616,'LARCENY THEFT OF BICYCLE'),(617,'LARCENY THEFT FROM BUILDING'),(618,'LARCENY THEFT FROM COIN-OP MACHINE'),(619,'LARCENY ALL OTHERS'),(621,'LARCENY PICK-POCKET $50 TO $199'),(622,'LARCENY PURSE SNATCH INCL.NO FORCE $50 TO $199'),(623,'LARCENY SHOPLIFTING $50 TO $199'),(624,'LARCENY NON-ACCESSORY FROM VEH. $50 TO $199'),(625,'LARCENY VEH. ACCESSORY $50 & $199'),(626,'LARCENY BICYCLE $50 TO $199'),(627,'LARCENY IN A BUILDING $50 TO $199'),(628,'LARCENY FROM COIN MACHINE $50 TO $199'),(629,'LARCENY OTHER $50 TO $199'),(631,'LARCENY PICK-POCKET UNDER $50'),(632,'LARCENY PURSE SNATCH INCL.NO FORCE UNDER $50'),(633,'LARCENY SHOPLIFTING UNDER $50'),(634,'LARCENY NON-ACCESSORY FROM VEH. UNDER $50'),(635,'LARCENY VEH. ACESSORY UNDER $50'),(636,'LARCENY BICYCLE UNDER $50'),(637,'LARCENY IN A BUILDING UNDER $50'),(638,'LARCENY FROM COIN MACHINE UNDER $50'),(639,'LARCENY OTHER UNDER $50'),(649,'LARCENY MOTOR VEHICLE PLATES'),(670,'RECOVERED STOLEN PLATE'),(701,'AUTO THEFT TRUCK - RECOVERED IN BY POLICE'),(702,'AUTO THEFT TRUCK - RECOVERED IN BY OTHER'),(704,'AUTO THEFT TRUCK'),(706,'AUTO THEFT - MOTORCYCLE / SCOOTER'),(711,'AUTO THEFT OTHER - RECOVERED IN BY POLICE'),(712,'AUTO THEFT OTHER - RECOVERED IN BY OTHER'),(713,'AUTO THEFT OTHER - RECOVERED OUTSIDE'),(714,'AUTO THEFT OTHER'),(715,'AUTO THEFT OTHER - OUTSIDE RECOVERED IN BOS'),(723,'ATTEMPTED AUTO THEFT'),(724,'AUTO THEFT'),(727,'AUTO THEFT - LEASED/RENTED VEHICLE'),(735,'RECOVERED - MV RECOVERED IN BOSTON (STOLEN OUTSIDE BOSTON)'),(770,'AUTO THEFT - RECOVERED IN BY POLICE'),(780,'AUTO THEFT - RECOVERED IN BY OTHER'),(790,'AUTO THEFT - RECOVERED OUTSIDE'),(801,'ASSAULT - SIMPLE'),(802,'ASSAULT SIMPLE - BATTERY'),(803,'A&B ON POLICE OFFICER'),(804,'STALKING'),(900,'ARSON'),(901,'ARSON - SINGLE DWELLING'),(902,'ARSON - MULTIPLE DWELLING'),(905,'ARSON - OTHER COMMERCIAL'),(906,'ARSON - COMMUNITY/PUB.STRUC.'),(907,'ARSON - ALL OTHER STRUCTURES'),(920,'ARSON - MOTOR VEHICLES'),(930,'ARSON - OTHER'),(1001,'FORGERY / COUNTERFEITING'),(1002,'FORGERY OR UTTERING'),(1101,'PASSING WORTHLESS CHECK'),(1102,'FRAUD - FALSE PRETENSE / SCHEME'),(1103,'CONFIDENCE GAMES'),(1105,'FRAUDS - ALL OTHER'),(1106,'FRAUD - CREDIT CARD / ATM FRAUD'),(1107,'FRAUD - IMPERSONATION'),(1108,'FRAUD - WELFARE'),(1109,'FRAUD - WIRE'),(1201,'EMBEZZLEMENT'),(1300,'STOLEN PROPERTY - BUYING / RECEIVING / POSSESSING'),(1301,'PROPERTY - BUYING STOLEN'),(1302,'PROPERTY - RECEIVING STOLEN'),(1304,'PROPERTY - STOLEN THEN RECOVERED'),(1401,'WILFUL & MAL. DESTRUCTION OF PROPERTY W/ARREST'),(1402,'VANDALISM'),(1415,'GRAFFITI'),(1501,'WEAPON - FIREARM - CARRYING / POSSESSING, ETC'),(1502,'WEAPON - FIREARM - SALE / TRAFFICKING'),(1503,'WEAPON - OTHER - CARRYING / POSSESSING, ETC'),(1504,'WEAPON - OTHER - OTHER VIOLATION'),(1510,'WEAPON - FIREARM - OTHER VIOLATION'),(1601,'PROSTITUTION'),(1602,'PROSTITUTION - SOLICITING'),(1603,'PROSTITUTION - ASSISTING OR PROMOTING'),(1605,'PROSTITUTION - COMMON NIGHTWALKER'),(1607,'PROSTITUTION/VICE - OTHER'),(1610,'HUMAN TRAFFICKING - COMMERCIAL SEX ACTS'),(1620,'HUMAN TRAFFICKING - INVOLUNTARY SERVITUDE'),(1702,'INDECENT ASSAULT AND BATTERY'),(1703,'INDECENT EXPOSURE / LEWD AND LASCIVIOUS'),(1704,'STATUTORY RAPE'),(1710,'LEWD & LACIVIOUS SPEECH & BEHAVIOR'),(1711,'OPEN & GROSS LEWDNESS'),(1720,'SEX OFFENSE - OTHER'),(1721,'FAILURE TO REGISTER AS A SEX OFFENDER'),(1723,'SEARCH WARRANT - RAPE INVESTIGATION'),(1725,'INDECENT A&B ON PERSON 14 AND OVER'),(1726,'INDECENT A&B MENTALLY RETARDED PERSON UNDER 14'),(1727,'INDECENT A&B MENTALLY RETARDED PERSON 14 AND OVER'),(1730,'SEXUAL ASSAULT INVESTIGATION'),(1731,'INCEST'),(1805,'DRUGS - CLASS A TRAFFICKING OVER 18 GRAMS'),(1806,'DRUGS - CLASS B TRAFFICKING OVER 18 GRAMS'),(1807,'DRUGS - CLASS D TRAFFICKING OVER 50 GRAMS'),(1810,'DRUGS - SALE / MANUFACTURING'),(1815,'DRUGS - POSSESSION'),(1825,'DRUGS - POSSESSION OF DRUG PARAPHANALIA'),(1830,'DRUGS - SICK ASSIST - HEROIN'),(1831,'DRUGS - SICK ASSIST - OTHER NARCOTIC'),(1832,'DRUGS - SICK ASSIST - OTHER HARMFUL DRUG'),(1840,'DRUGS - TRAFFICKING IN HEROIN'),(1841,'DRUGS - POSS CLASS A - INTENT TO MFR DIST DISP'),(1842,'DRUGS - POSS CLASS A - HEROIN, ETC. '),(1843,'DRUGS - PRESENT AT HEROIN'),(1844,'DRUGS - POSS CLASS C'),(1845,'DRUGS - POSS CLASS D'),(1846,'DRUGS - POSS CLASS E'),(1847,'DRUGS - TRAFFICKING IN COCAINE'),(1848,'DRUGS - POSS CLASS B - INTENT TO MFR DIST DISP'),(1849,'DRUGS - POSS CLASS B - COCAINE, ETC.'),(1850,'DRUGS - POSS CLASS E - INTENT TO MFR DIST DISP'),(1855,'DRUGS - POSS CLASS C - INTENT TO MFR DIST DISP'),(1858,'DRUGS - POSS  CLASS C'),(1863,'DRUGS - POSS CLASS D - MARIJUANA, ETC.'),(1864,'DRUGS - POSS CLASS D - INTENT MFR DIST DISP'),(1866,'DRUGS - POSS CLASS E INTENT TO MF DIST DISP'),(1868,'DRUGS - POSS. HYPODERMIC NEEDLE'),(1870,'DRUGS - CONSP TO VIOL CONTROLLED SUBSTANCE'),(1873,'DRUGS - UTTERING PRESC CONT SUBSTANCE'),(1874,'DRUGS - OTHER'),(1875,'DRUGS - SICK ASSIST - METH'),(1901,'GAMBLING - BETTING / WAGERING'),(1902,'GAMBLING - OPERATING/PROMOTING/ASSISTING'),(1903,'GAMBLING - EQUIP VIOLATIONS'),(1904,'GAMBLING - SPORTS TAMPERING'),(1921,'GAMING OFFENSE'),(2003,'CHILD ENDANGERMENT (NO ASSAULT)'),(2004,'CHILD ABANDONMENT (NO ASSAULT)'),(2005,'CHILD ENDANGERMENT'),(2006,'VIOL. OF RESTRAINING ORDER W ARREST'),(2007,'VIOL. OF RESTRAINING ORDER W NO ARREST'),(2010,'HOME INVASION'),(2101,'OPERATING UNDER THE INFLUENCE ALCOHOL'),(2102,'OPERATING UNDER THE INFLUENCE DRUGS'),(2201,'LIQUOR - INVOLVING MINORS'),(2202,'LIQUOR - ILLEGAL SALES - KEEPING - EXPOSING'),(2204,'LIQUOR LAW VIOLATION'),(2401,'AFFRAY'),(2403,'DISTURBING THE PEACE'),(2405,'DISORDERLY CONDUCT'),(2407,'ANNOYING AND ACCOSTING'),(2511,'KIDNAPPING - ENTICING OR ATTEMPTED'),(2602,'FIRE REPORT/ALARM - FALSE'),(2604,'EXTORTION OR BLACKMAIL'),(2605,'CONTRIBUTING TO DELINQUENCY OF MINOR'),(2606,'PRISONER ATTEMPT TO RESCUE'),(2608,'CHINS'),(2609,'DRUGS - GLUE INHALATION'),(2610,'TRESPASSING'),(2611,'ABDUCTION - INTICING'),(2612,'FIRE REPORT/ALARM - FALSE'),(2613,'ANIMAL ABUSE'),(2616,'POSSESSION OF BURGLARIOUS TOOLS'),(2617,'CONSPIRACY EXCEPT DRUG LAW'),(2618,'EXPLOSIVES - POSSESSION OR USE'),(2619,'FUGITIVE FROM JUSTICE'),(2622,'KIDNAPPING/CUSTODIAL KIDNAPPING'),(2623,'OBSCENE MATERIALS - PORNOGRAPHY'),(2624,'VAL - OPERATING W/O AUTHORIZATION LAWFUL'),(2628,'OBSCENE PHONE CALLS'),(2629,'HARASSMENT'),(2631,'PROPERTY - CONCEALING LEASED'),(2632,'EVADING FARE'),(2633,'RUNAWAY'),(2636,'PRISONER ESCAPE / ESCAPE & RECAPTURE'),(2641,'VIOLATION - HAWKER AND PEDDLER'),(2642,'TRUANCY / RUNAWAY'),(2646,'LIQUOR - DRINKING IN PUBLIC'),(2647,'THREATS TO DO BODILY HARM'),(2648,'BOMB THREAT'),(2650,'VIOLATION - AUTO RENTAL LAWS'),(2651,'HARBOR - VIOL. REGS. & STATUTES'),(2657,'VIOLATION - CITY ORDINANCE'),(2658,'VIOLATION - HACKNEY REGS'),(2660,'OTHER OFFENSE'),(2662,'BALLISTICS EVIDENCE/FOUND'),(2663,'VIOLATION - CITY ORDINANCE CONSTRUCTION PERMIT'),(2664,'CUSTODIAL KIDNAPPING'),(2665,'OTHER SERVICE/EVENT'),(2667,'PRISONER - SUICIDE'),(2668,'PRISONER - ESCAPE AND RECAPTURED'),(2670,'CRIMINAL HARASSMENT'),(2672,'BIOLOGICAL THREATS'),(2801,'PARKING VIOLATION'),(2900,'VAL - VIOLATION OF AUTO LAW - OTHER'),(2901,'VAL - FAILING TO SLOW - INTERSECTION'),(2902,'VAL - DRIVING TO ENDANGER '),(2903,'VAL - SPEEDING'),(2904,'VAL - TRAFFIC SIGNALS'),(2905,'VAL - OPERATING WITHOUT LICENSE'),(2906,'VAL - OPERATING UNREG/UNINS CAR'),(2907,'VAL - OPERATING AFTER REV/SUSP.'),(2908,'M/V - LEAVING SCENE - PERSONAL INJURY'),(2909,'VAL - M/V STICKER'),(2910,'VAL - OPERATING AFTER REV/SUSP.'),(2911,'VAL - USING M/V W/O AUTHORITY UNLAWFUL'),(2912,'VAL - M/V CURFEW RESTRICTING 16-18Y'),(2913,'VAL - REFUSING TO STOP FOR POLICE'),(2914,'VAL - OPERATING W/O AUTHORIZATION LAWFUL'),(2915,'VAL - MISCELLANEOUS'),(2916,'VAL - PEDESTRIAN LAW'),(2917,'TOWED M/V FOR INVESTIGATION'),(3001,'DEATH INVESTIGATION'),(3002,'ANIMAL CONTROL - DOG BITES - ETC.'),(3004,'INJURY BICYCLE NO M/V INVOLVED'),(3006,'SICK/INJURED/MEDICAL - PERSON'),(3007,'SUDDEN DEATH'),(3008,'SUICIDE / SUICIDE ATTEMPT'),(3009,'SUICIDE ATTEMPT'),(3016,'FIREARM/WEAPON - ACCIDENTAL INJURY / DEATH'),(3017,'FIREARM/WEAPON - ACCIDENTAL DEATH'),(3018,'SICK/INJURED/MEDICAL - POLICE'),(3021,'DRUGS - SICK ASSIST - HEROIN'),(3022,'DRUGS - SICK ASSIST - OTHER NARCOTICS'),(3023,'DRUGS - SICK ASSIST - HARMFUL DRUG'),(3029,'PRISONER - SUICIDE / SUICIDE ATTEMPT'),(3040,'DEATH INVESTIGATION'),(3102,'INVESTIGATION FOR ANOTHER AGENCY'),(3106,'PROPERTY - ACCIDENTAL DAMAGE'),(3107,'EXPLOSIONS'),(3108,'FIRE REPORT - HOUSE, BUILDING, ETC.'),(3109,'SERVICE TO OTHER PD INSIDE OF MA.'),(3110,'SERVICE TO OTHER PD OUTSIDE OF MA.'),(3111,'LICENSE PREMISE VIOLATION'),(3112,'LANDLORD - TENANT SERVICE'),(3114,'INVESTIGATE PROPERTY'),(3115,'INVESTIGATE PERSON'),(3116,'HARBOR INCIDENT / VIOLATION'),(3117,'LABOR & STRIKE REPORT'),(3119,'FIREARM/WEAPON - FOUND OR CONFISCATED'),(3122,'AIRCRAFT INCIDENTS'),(3123,'EXPLOSIVES - TURNED IN OR FOUND'),(3125,'WARRANT ARREST'),(3130,'SEARCH WARRANT'),(3151,'HARASSING PHONE CALLS '),(3152,'INVESTIGATION FOR ANOTHER AGENCY'),(3160,'FIRE REPORT - CAR, BRUSH, ETC.'),(3170,'INTIMIDATING WITNESS'),(3201,'PROPERTY - LOST'),(3202,'PROPERTY - LOST THEN LOCATED'),(3203,'FIREARM/WEAPON - LOST'),(3204,'FIREARM/WEAPON - LOST THEN LOCATED'),(3205,'M/V PLATES - LOST'),(3206,'M/V PLATES - LOST THEN LOCATED'),(3207,'PROPERTY - FOUND'),(3208,'PROPERTY - MISSING'),(3209,'PROPERTY - MISSING THEN LOCATED'),(3210,'PROPERTY - ABANDONED'),(3301,'VERBAL DISPUTE'),(3302,'GATHERING CAUSING ANNOYANCE'),(3303,'NOISY PARTY/RADIO-ARREST'),(3304,'NOISY PARTY/RADIO-NO ARREST'),(3305,'DEMONSTRATIONS/RIOT'),(3402,'ANIMAL INCIDENTS'),(3403,'PROTECTIVE CUSTODY / SAFEKEEPING'),(3404,'ESCORT DUTY'),(3408,'POLICE SERVICES - TRAFFIC ETC.'),(3410,'TOWED MOTOR VEHICLE'),(3412,'LOCKOUT SERVICE'),(3414,'PROTECTIVE CUSTODY - ALCOHOL'),(3501,'MISSING PERSON'),(3502,'MISSING PERSON - LOCATED'),(3503,'MISSING PERSON - NOT REPORTED - LOCATED'),(3612,'RACIAL - RELIGIOUS REPORT'),(3620,'REPORT AFFECTING OTHER DEPTS.'),(3625,'DANGEROUS OR HAZARDOUS CONDITION'),(3701,'M/V ACCIDENT - PROPERTY DAMAGE'),(3702,'M/V ACCIDENT - PERSONAL INJURY'),(3704,'M/V ACCIDENT - POLICE VEHICLE'),(3706,'M/V ACCIIDENT - OTHER CITY VEHICLE'),(3709,'M/V ACCIDENT - INVOLVING BICYCLE'),(3712,'M/V ACCIDENT - OTHER'),(3801,'M/V ACCIDENT - OTHER'),(3802,'M/V ACCIDENT - PROPERTY DAMAGE'),(3803,'M/V ACCIDENT - PERSONAL INJURY'),(3805,'M/V ACCIDENT - POLICE VEHICLE'),(3807,'M/V ACCIDENT - OTHER CITY VEHICLE'),(3810,'M/V ACCIDENT - INVOLVING BICYCLE - INJURY'),(3811,'M/V ACCIDENT - INVOLVING BICYCLE - NO INJURY'),(3820,'M/V ACCIDENT INVOLVING PEDESTRIAN - INJURY'),(3821,'M/V ACCIDENT - INVOLVING PEDESTRIAN - NO INJURY'),(3830,'M/V - LEAVING SCENE - PERSONAL INJURY'),(3831,'M/V - LEAVING SCENE - PROPERTY DAMAGE');
/*!40000 ALTER TABLE `offense_code` ENABLE KEYS */;
UNLOCK TABLES;
/*!40103 SET TIME_ZONE=@OLD_TIME_ZONE */;

/*!40101 SET SQL_MODE=@OLD_SQL_MODE */;
/*!40014 SET FOREIGN_KEY_CHECKS=@OLD_FOREIGN_KEY_CHECKS */;
/*!40014 SET UNIQUE_CHECKS=@OLD_UNIQUE_CHECKS */;
/*!40101 SET CHARACTER_SET_CLIENT=@OLD_CHARACTER_SET_CLIENT */;
/*!40101 SET CHARACTER_SET_RESULTS=@OLD_CHARACTER_SET_RESULTS */;
/*!40101 SET COLLATION_CONNECTION=@OLD_COLLATION_CONNECTION */;
/*!40111 SET SQL_NOTES=@OLD_SQL_NOTES */;

-- Dump completed on 2023-10-22 21:31:59
